date,z_n,z_n_minus_1
2018-01-03,0.008332636701785745,NA
2018-01-04,0.0017506878534643278,0.008332636701785745
2018-01-05,0.00825218728355459,0.0017506878534643278
2018-01-08,0.002914532733845121,0.00825218728355459
2018-01-09,8.644584408550315e-4,0.002914532733845121
2018-01-10,-0.0013983586964876338,8.644584408550315e-4
2018-01-11,0.008104262147179853,-0.0013983586964876338
2018-01-12,0.006810061387406918,0.008104262147179853
2018-01-16,-0.005159937189423758,0.006810061387406918
2018-01-17,0.010272779947747779,-0.005159937189423758
2018-01-18,-3.055954673882866e-4,0.010272779947747779
2018-01-19,0.005512437935738745,-3.055954673882866e-4
2018-01-22,0.009719001025395357,0.005512437935738745
2018-01-23,0.007029774680555434,0.009719001025395357
2018-01-24,-0.006081217525638394,0.007029774680555434
2018-01-25,-5.260818168331127e-4,-0.006081217525638394
2018-01-26,0.012685067344250456,-5.260818168331127e-4
2018-01-29,-0.005244404252838564,0.012685067344250456
2018-01-30,-0.008612579878180426,-0.005244404252838564
2018-01-31,0.0012150702622424348,-0.008612579878180426
2018-02-01,-0.0034628038632558145,0.0012150702622424348
2018-02-02,-0.019814902727970818,-0.0034628038632558145
2018-02-05,-0.038491684997804754,-0.019814902727970818
2018-02-06,0.02106813455178269,-0.038491684997804754
2018-02-07,-0.009020464099426917,0.02106813455178269
2018-02-08,-0.03975026748981847,-0.009020464099426917
2018-02-09,0.01425933487898412,-0.03975026748981847
2018-02-12,0.01551218097790219,0.01425933487898412
2018-02-13,0.004508581526369682,0.01551218097790219
2018-02-14,0.018381411494061695,0.004508581526369682
2018-02-15,0.015668329507535717,0.018381411494061695
2018-02-16,-0.0023399676072681785,0.015668329507535717
2018-02-20,-7.130350704702693e-4,-0.0023399676072681785
2018-02-21,-0.002225226114822121,-7.130350704702693e-4
2018-02-22,-0.0011283555786931743,-0.002225226114822121
2018-02-23,0.017501799981989308,-0.0011283555786931743
2018-02-26,0.011392585865809934,0.017501799981989308
2018-02-27,-0.01235252100109463,0.011392585865809934
2018-02-28,-0.007853073163015978,-0.01235252100109463
2018-03-01,-0.012792821286838674,-0.007853073163015978
2018-03-02,0.010709030898665262,-0.012792821286838674
2018-03-05,0.009985954582790058,0.010709030898665262
2018-03-06,0.00561799640889582,0.009985954582790058
2018-03-07,0.0033368173057493067,0.00561799640889582
2018-03-08,0.004222756671200756,0.0033368173057493067
2018-03-09,0.017728396583814643,0.004222756671200756
2018-03-12,0.003631864810273555,0.017728396583814643
2018-03-13,-0.01024028698970092,0.003631864810273555
2018-03-14,-0.001892308334559445,-0.01024028698970092
2018-03-15,-0.0020121879632792883,-0.001892308334559445
2018-03-16,3.341412765323071e-5,-0.0020121879632792883
2018-03-19,-0.018582466273707965,3.341412765323071e-5
2018-03-20,0.0027276103129096896,-0.018582466273707965
2018-03-21,-0.0025846779427443067,0.0027276103129096896
2018-03-22,-0.024616765349245284,-0.0025846779427443067
2018-03-23,-0.024580085067823276,-0.024616765349245284
2018-03-26,0.032067301372975976,-0.024580085067823276
2018-03-27,-0.02976181025483804,0.032067301372975976
2018-03-28,-0.008537078245364427,-0.02976181025483804
2018-03-29,0.016302769090529523,-0.008537078245364427
2018-04-02,-0.02775203796376502,0.016302769090529523
2018-04-03,0.010304574212671724,-0.02775203796376502
2018-04-04,0.014421657157893009,0.010304574212671724
2018-04-05,0.004878651447885574,0.014421657157893009
2018-04-06,-0.023077620539867283,0.004878651447885574
2018-04-09,0.005081704095747597,-0.023077620539867283
2018-04-10,0.020501060422379425,0.005081704095747597
2018-04-11,-0.0035683765155933855,0.020501060422379425
2018-04-12,0.010024549074824307,-0.0035683765155933855
2018-04-13,-0.004716838074624974,0.010024549074824307
2018-04-16,0.00695931119426163,-0.004716838074624974
2018-04-17,0.01729170024394122,0.00695931119426163
2018-04-18,0.0019401496990543166,0.01729170024394122
2018-04-19,-0.007868890021573094,0.0019401496990543166
2018-04-20,-0.012782287752646226,-0.007868890021573094
2018-04-23,-0.002456059623153095,-0.012782287752646226
2018-04-24,-0.017155263282234046,-0.002456059623153095
2018-04-25,-5.152865730764233e-4,-0.017155263282234046
2018-04-26,0.01627801411689056,-5.152865730764233e-4
2018-04-27,1.5726803845517168e-4,0.01627801411689056
2018-04-30,-0.00754684558648222,1.5726803845517168e-4
2018-05-01,0.009076671592714192,-0.00754684558648222
2018-05-02,-0.004187910891095825,0.009076671592714192
2018-05-03,-0.001797160994872371,-0.004187910891095825
2018-05-04,0.01699189975559179,-0.001797160994872371
2018-05-07,0.0076809353548821235,0.01699189975559179
2018-05-08,2.3258032450534927e-4,0.0076809353548821235
2018-05-09,0.009996824993939057,2.3258032450534927e-4
2018-05-10,0.008824823149733874,0.009996824993939057
2018-05-11,-2.8232755347268323e-4,0.008824823149733874
2018-05-14,0.0011394395223920384,-2.8232755347268323e-4
2018-05-15,-0.008086495972408514,0.0011394395223920384
2018-05-16,0.006328176283989961,-0.008086495972408514
2018-05-17,-0.0021419176233390402,0.006328176283989961
2018-05-18,-0.0038177061586992522,-0.0021419176233390402
2018-05-21,0.005383681667709084,-0.0038177061586992522
2018-05-22,-0.0021093361180177794,0.005383681667709084
2018-05-23,0.006417024543699412,-0.0021093361180177794
2018-05-24,-2.0602625891719129e-4,0.006417024543699412
2018-05-25,0.001267969504372246,-2.0602625891719129e-4
2018-05-29,-0.005024845176855308,0.001267969504372246
2018-05-30,0.008864742632690437,-0.005024845176855308
2018-05-31,-0.0027280344628621833,0.008864742632690437
2018-06-01,0.01496514890387779,-0.0027280344628621833
2018-06-04,0.006876961968936612,0.01496514890387779
2018-06-05,0.004119560218171614,0.006876961968936612
2018-06-06,0.006704538135993587,0.004119560218171614
2018-06-07,-0.007069895556034211,0.006704538135993587
2018-06-08,0.0013664328593385733,-0.007069895556034211
2018-06-11,0.0018843515088011742,0.0013664328593385733
2018-06-12,0.005709552350184666,0.0018843515088011742
2018-06-13,-0.0010506639338156987,0.005709552350184666
2018-06-14,0.008454594172810914,-0.0010506639338156987
2018-06-15,-0.0018907285275293617,0.008454594172810914
2018-06-18,8.389403727981914e-5,-0.0018907285275293617
2018-06-19,-0.002771341329731669,8.389403727981914e-5
2018-06-20,0.007212201595004686,-0.002771341329731669
2018-06-21,-0.008849616950286077,0.007212201595004686
2018-06-22,-0.002613356232782138,-0.008849616950286077
2018-06-25,-0.021125496113384656,-0.002613356232782138
2018-06-26,0.003924852573787163,-0.021125496113384656
2018-06-27,-0.015533337880730969,0.003924852573787163
2018-06-28,0.007840168258907099,-0.015533337880730969
2018-06-29,8.81795412514208e-4,0.007840168258907099
2018-07-02,0.007612475513036898,8.81795412514208e-4
2018-07-03,-0.008628914446621394,0.007612475513036898
2018-07-05,0.011102201418500712,-0.008628914446621394
2018-07-06,0.01335026837691089,0.011102201418500712
2018-07-09,0.008781132145536219,0.01335026837691089
2018-07-10,3.8671255163968965e-4,0.008781132145536219
2018-07-11,-0.005504130561746479,3.8671255163968965e-4
2018-07-12,0.013810567038781585,-0.005504130561746479
2018-07-13,2.632679593475018e-4,0.013810567038781585
2018-07-16,-0.0025921399100496956,2.632679593475018e-4
2018-07-17,0.006308737607945147,-0.0025921399100496956
2018-07-18,-8.659386757337018e-5,0.006308737607945147
2018-07-19,-0.0037169201452833533,-8.659386757337018e-5
2018-07-20,-6.518947372207151e-4,-0.0037169201452833533
2018-07-23,0.002767186619701434,-6.518947372207151e-4
2018-07-24,-1.4029495651968205e-4,0.002767186619701434
2018-07-25,0.011598450616720157,-1.4029495651968205e-4
2018-07-26,-0.010144274299497269,0.011598450616720157
2018-07-27,-0.014722934030169554,-0.010144274299497269
2018-07-30,-0.013980443306998325,-0.014722934030169554
2018-07-31,0.0054621247390773675,-0.013980443306998325
2018-08-01,0.004616669251017669,0.0054621247390773675
2018-08-02,0.012301899239920644,0.004616669251017669
2018-08-03,0.0011937245672761776,0.012301899239920644
2018-08-06,0.0060836524154268545,0.0011937245672761776
2018-08-07,0.0030463673538427827,0.0060836524154268545
2018-08-08,5.921791659879716e-4,0.0030463673538427827
2018-08-09,4.372221887027905e-4,5.921791659879716e-4
2018-08-10,-0.006696394147988727,4.372221887027905e-4
2018-08-13,-0.002477825594418448,-0.006696394147988727
2018-08-14,0.006523696605063023,-0.002477825594418448
2018-08-15,-0.012370877626375787,0.006523696605063023
2018-08-16,0.004159001011764474,-0.012370877626375787
2018-08-17,0.0012558604635888315,0.004159001011764474
2018-08-20,5.985273309221384e-4,0.0012558604635888315
2018-08-21,0.0048673207000913266,5.985273309221384e-4
2018-08-22,0.0038010793287845956,0.0048673207000913266
2018-08-23,-0.001349623948700085,0.0038010793287845956
2018-08-24,0.008533689601206262,-0.001349623948700085
2018-08-27,0.00901039208306642,0.008533689601206262
2018-08-28,0.0015129841062382354,0.00901039208306642
2018-08-29,0.009870121626434525,0.0015129841062382354
2018-08-30,-0.0026336615470725633,0.009870121626434525
2018-08-31,0.0026151770266693575,-0.0026336615470725633
2018-09-04,-0.002257920359307164,0.0026151770266693575
2018-09-05,-0.011945631299695947,-0.002257920359307164
2018-09-06,-0.009101758641424595,-0.011945631299695947
2018-09-07,-0.002551609209268335,-0.009101758641424595
2018-09-10,0.002732108445748338,-0.002551609209268335
2018-09-11,0.006078043735167071,0.002732108445748338
2018-09-12,-0.002290523727589644,0.006078043735167071
2018-09-13,0.007449959830898578,-0.002290523727589644
2018-09-14,-4.580603091248747e-4,0.007449959830898578
2018-09-17,-0.014366048722211033,-4.580603091248747e-4
2018-09-18,0.007610458775181073,-0.014366048722211033
2018-09-19,-7.632047416432641e-4,0.007610458775181073
2018-09-20,0.009787112803213205,-7.632047416432641e-4
2018-09-21,-0.005153870923132686,0.009787112803213205
2018-09-24,7.872286287504693e-4,-0.005153870923132686
2018-09-25,0.0017774473144545055,7.872286287504693e-4
2018-09-26,-0.0021378015799520256,0.0017774473144545055
2018-09-27,0.0064370235111628205,-0.0021378015799520256
2018-09-28,5.444798258160688e-4,0.0064370235111628205
2018-10-01,-0.0011254029998060133,5.444798258160688e-4
2018-10-02,-0.004707915911817295,-0.0011254029998060133
2018-10-03,0.0031875987539660144,-0.004707915911817295
2018-10-04,-0.018307174985901398,0.0031875987539660144
2018-10-05,-0.011623797330644337,-0.018307174985901398
2018-10-08,-0.006763572030761722,-0.011623797330644337
2018-10-09,2.675233572713154e-4,-0.006763572030761722
2018-10-10,-0.0416905704170496,2.675233572713154e-4
2018-10-11,-0.012607997468521148,-0.0416905704170496
2018-10-12,0.02264101055366119,-0.012607997468521148
2018-10-15,-0.008862804571270644,0.02264101055366119
2018-10-16,0.028490480618550862,-0.008862804571270644
2018-10-17,-3.649927185698232e-4,0.028490480618550862
2018-10-18,-0.02083122940619475,-3.649927185698232e-4
2018-10-19,-0.004835946306432248,-0.02083122940619475
2018-10-22,0.0026277726360603992,-0.004835946306432248
2018-10-23,-0.004171412105854699,0.0026277726360603992
2018-10-24,-0.04526298466957357,-0.004171412105854699
2018-10-25,0.029106335357864666,-0.04526298466957357
2018-10-26,-0.020867052853814627,0.029106335357864666
2018-10-29,-0.01644769582460448,-0.020867052853814627
2018-10-30,0.015671631444623912,-0.01644769582460448
2018-10-31,0.019941839817301243,0.015671631444623912
2018-11-01,0.017389923216891034,0.019941839817301243
2018-11-02,-0.010421237192341337,0.017389923216891034
2018-11-05,-0.0038322861371682393,-0.010421237192341337
2018-11-06,0.006407430530376956,-0.0038322861371682393
2018-11-07,0.02606607988877485,0.006407430530376956
2018-11-08,-0.005280252546507214,0.02606607988877485
2018-11-09,-0.016599900279464563,-0.005280252546507214
2018-11-12,-0.02821011668331863,-0.016599900279464563
2018-11-13,0,-0.02821011668331863
2018-11-14,-0.008994802921003853,0
2018-11-15,0.01703911608941233,-0.008994802921003853
2018-11-16,-0.0015385327320380782,0.01703911608941233
2018-11-19,-0.030737185316640492,-0.0015385327320380782
2018-11-20,-0.017171632699518824,-0.030737185316640492
2018-11-21,0.00913915398161258,-0.017171632699518824
2018-11-23,-0.004783197892631819,0.00913915398161258
2018-11-26,0.020380399958705553,-0.004783197892631819
2018-11-27,1.2003171857877248e-4,0.020380399958705553
2018-11-28,0.02906638928964611,1.2003171857877248e-4
2018-11-29,-0.0025417363646909052,0.02906638928964611
2018-11-30,0.007869316922645808,-0.0025417363646909052
2018-12-03,0.015024565381903443,0.007869316922645808
2018-12-04,-0.03878304600426574,0.015024565381903443
2018-12-06,0.004158399317292449,-0.03878304600426574
2018-12-07,-0.03094149209317898,0.004158399317292449
2018-12-10,0.007329677184980454,-0.03094149209317898
2018-12-11,0.0016097038512867812,0.007329677184980454
2018-12-12,0.0094097397979062691,0.0016097038512867812
2018-12-13,-0.00394956983459771,0.0094097397979062691
2018-12-14,-0.022841996388445196,-0.00394956983459771
2018-12-17,-0.02297022761457157,-0.022841996388445196
2018-12-18,0.00445871296255973,-0.02297022761457157
2018-12-19,-0.02191920329964958,0.00445871296255973
2018-12-20,-0.016471005628988067,-0.02191920329964958
2018-12-21,-0.03039093048481334,-0.016471005628988067
2018-12-24,-0.022365824064310758,-0.03039093048481334
2018-12-26,0.05672376475013685,-0.022365824064310758
2018-12-27,0.0038268141596518035,0.05672376475013685
2018-12-28,7.641722095321768e-4,0.0038268141596518035
2018-12-31,0.007679392400735452,7.641722095321768e-4
2019-01-02,0.004610135188027442,0.007679392400735452
2019-01-03,-0.030840003413063144,0.004610135188027442
2019-01-04,0.04171978412266952,-0.030840003413063144
2019-01-07,0.0124774207371523,0.04171978412266952
2019-01-08,0.010718362847466523,0.0124774207371523
2019-01-09,0.00867332286523137,0.010718362847466523
2019-01-10,0.004158283898455295,0.00867332286523137
2019-01-11,-0.0020906031886749332,0.004158283898455295
2019-01-14,-0.009448534565962063,-0.0020906031886749332
2019-01-15,0.01692966097108517,-0.009448534565962063
2019-01-16,0.0015449514495493588,0.01692966097108517
2019-01-17,0.007050031484665098,0.0015449514495493588
2019-01-18,0.01021938451769877,0.007050031484665098
2019-01-22,-0.019308552581685845,0.01021938451769877
2019-01-23,7.703412345865246e-4,-0.019308552581685845
2019-01-24,0.006764925935188515,7.703412345865246e-4
2019-01-25,0.012838756110328475,0.006764925935188515
2019-01-28,-0.011112631817477236,0.012838756110328475
2019-01-29,-0.008132432213352914,-0.011112631817477236
2019-01-30,0.02178483276587606,-0.008132432213352914
2019-01-31,0.013641605511038435,0.02178483276587606
2019-02-01,-0.002457116029697559,0.013641605511038435
2019-02-04,0.011452807845097723,-0.002457116029697559
2019-02-05,0.007395483708680928,0.011452807845097723
2019-02-06,-0.0036272138731501258,0.007395483708680928
2019-02-07,-0.011856642123861505,-0.0036272138731501258
2019-02-08,0.0013505728161433694,-0.011856642123861505
2019-02-11,0.0013281722557412223,0.0013505728161433694
2019-02-12,0.01449780118562316,0.0013281722557412223
2019-02-13,7.76510403021291e-4,0.01449780118562316
2019-02-14,8.85049755654066e-4,7.76510403021291e-4
2019-02-15,0.006102289082795309,8.85049755654066e-4
2019-02-19,0.0019198736191796684,0.006102289082795309
2019-02-20,3.071353232382279e-4,0.0019198736191796684
2019-02-21,-0.003928066565215715,3.071353232382279e-4
2019-02-22,0.009051766169177355,-0.003928066565215715
2019-02-25,0.0035698117574529675,0.009051766169177355
2019-02-26,-6.832942963654887e-4,0.0035698117574529675
2019-02-27,6.898870274927305e-4,-6.832942963654887e-4
2019-02-28,-0.0029137586529941473,6.898870274927305e-4
2019-03-01,0.008305284558915105,-0.0029137586529941473
2019-03-04,-0.0023436862077677034,0.008305284558915105
2019-03-05,-1.596893960869039e-4,-0.0023436862077677034
2019-03-06,-0.009340823081352312,-1.596893960869039e-4
2019-03-07,-0.011316234048727836,-0.009340823081352312
2019-03-08,-0.001796383950066982,-0.011316234048727836
2019-03-11,0.020035137147738524,-0.001796383950066982
2019-03-12,0.0043527075166114315,0.020035137147738524
2019-03-13,0.0068766003485567495,0.0043527075166114315
2019-03-14,-0.0016367344058245692,0.0068766003485567495
2019-03-15,0.007522455238330394,-0.0016367344058245692
2019-03-18,0.0033694998911961704,0.007522455238330394
2019-03-19,0.0012268366568033429,0.0033694998911961704
2019-03-20,6.497179270468223e-4,0.0012268366568033429
2019-03-21,0.01413053308968415,6.497179270468223e-4
2019-03-22,-0.025359159175433632,0.01413053308968415
2019-03-25,-6.714414289259452e-4,-0.025359159175433632
2019-03-26,0.007042858908224758,-6.714414289259452e-4
2019-03-27,-0.00627852743287427,0.007042858908224758
2019-03-28,0.003368487126893527,-0.00627852743287427
2019-03-29,0.0078124815189060115,0.003368487126893527
2019-04-01,0.012802445061177892,0.0078124815189060115
2019-04-02,0.002523319325419493,0.012802445061177892
2019-04-03,0.00595265346648155,0.002523319325419493
2019-04-04,-4.7760067102586845e-4,0.00595265346648155
2019-04-05,0.00592658264318402,-4.7760067102586845e-4
2019-04-08,0.0019115783287109167,0.00592658264318402
2019-04-09,-0.005623118736618693,0.0019115783287109167
2019-04-10,0.00692482433365349,-0.005623118736618693
2019-04-11,-0.0021217699443134563,0.00692482433365349
2019-04-12,0.004619817616289268,-0.0021217699443134563
2019-04-15,-0.0010213414234812035,0.004619817616289268
2019-04-16,0.0030320317901857408,-0.0010213414234812035
2019-04-17,-5.188574642094324e-4,0.0030320317901857408
2019-04-18,2.4758823693460386e-4,-5.188574642094324e-4
2019-04-22,0.00214945517011067,2.4758823693460386e-4
2019-04-23,0.013082637882781967,0.00214945517011067
2019-04-24,-0.0023189625359698596,0.013082637882781967
2019-04-25,0.002055450919248969,-0.0023189625359698596
2019-04-26,0.003408498853536557,0.002055450919248969
2019-04-29,0.00189477104347624,0.003408498853536557
2019-04-30,-0.008176090186001517,0.00189477104347624
2019-05-01,-0.005667393827094358,-0.008176090186001517
2019-05-02,-0.0016001233101157197,-0.005667393827094358
2019-05-03,0.01570698133967241,-0.0016001233101157197
2019-05-06,-0.00499899561169137,0.01570698133967241
2019-05-07,-0.019834028628483935,-0.00499899561169137
2019-05-08,-0.0025699189521759536,-0.019834028628483935
2019-05-09,-0.004128953381631106,-0.0025699189521759536
2019-05-10,8.024117576344025e-4,-0.004128953381631106
2019-05-13,-0.03468872811374801,8.024117576344025e-4
2019-05-14,0.011373546070426954,-0.03468872811374801
2019-05-15,0.011269862258100005,0.011373546070426954
2019-05-16,0.009656428485820712,0.011269862258100005
2019-05-17,-0.01040715826886185,0.009656428485820712
2019-05-20,-0.014679353767466097,-0.01040715826886185
2019-05-21,0.010761957357637186,-0.014679353767466097
2019-05-22,-0.004490109723692015,0.010761957357637186
2019-05-23,-0.01593883865966106,-0.004490109723692015
2019-05-24,0.0011437688609081675,-0.01593883865966106
2019-05-28,-0.003891236583182689,0.0011437688609081675
2019-05-29,-0.007923681900656732,-0.003891236583182689
2019-05-30,0.0027006454219229425,-0.007923681900656732
2019-05-31,-0.015255112850741881,0.0027006454219229425
2019-06-03,-0.016249309549946744,-0.015255112850741881
2019-06-04,0.026125074932524583,-0.016249309549946744
2019-06-05,0.006404199045652703,0.026125074932524583
2019-06-06,0.005275470816130223,0.006404199045652703
2019-06-07,0.01648079728231444,0.005275470816130223
2019-06-10,0.010416852029555557,0.01648079728231444
2019-06-11,-7.671067859860159e-5,0.010416852029555557
2019-06-12,-0.003823130490431481,-7.671067859860159e-5
2019-06-13,0.005682688855127793,-0.003823130490431481
2019-06-14,-0.005177224058407148,0.005682688855127793
2019-06-17,0.006183481163924753,-0.005177224058407148
2019-06-18,0.013780907123610575,0.006183481163924753
2019-06-19,0.004195417041414018,0.013780907123610575
2019-06-20,0.007983255567301839,0.004195417041414018
2019-06-21,-0.002441065941900078,0.007983255567301839
2019-06-24,-0.0032436394874331143,-0.002441065941900078
2019-06-25,-0.015227075799195688,-0.0032436394874331143
2019-06-26,0.003197279696294686,-0.015227075799195688
2019-06-27,0.007279353665325061,0.003197279696294686
2019-06-28,0.004817896980648939,0.007279353665325061
2019-07-01,0.010550860088116565,0.004817896980648939
2019-07-02,0.0022135084113799053,0.010550860088116565
2019-07-03,0.007511422448441607,0.0022135084113799053
2019-07-05,-0.0010335454092604834,0.007511422448441607
2019-07-08,-0.007799485245406856,-0.0010335454092604834
2019-07-09,0.005338658541381491,-0.007799485245406856
2019-07-10,0.0074399908570796924,0.005338658541381491
2019-07-11,-7.915610434565679e-4,0.0074399908570796924
2019-07-12,0.00585148672739777,-7.915610434565679e-4
2019-07-15,0.0017028849355060771,0.00585148672739777
2019-07-16,-0.0042947273063198566,0.0017028849355060771
2019-07-17,-0.004581897506117372,-0.0042947273063198566
2019-07-18,0.002687857695255147,-0.004581897506117372
2019-07-19,-0.007429531696807601,0.002687857695255147
2019-07-22,0.007051673649948853,-0.007429531696807601
2019-07-23,0.0057440682007285915,0.007051673649948853
2019-07-24,0.00845959678481023,0.0057440682007285915
2019-07-25,-0.010019378546871849,0.00845959678481023
2019-07-26,0.01106551275798573,-0.010019378546871849
2019-07-29,-0.004437074562011034,0.01106551275798573
2019-07-30,-0.0023806128789249925,-0.004437074562011034
2019-07-31,-0.011938891760509662,-0.0023806128789249925
2019-08-01,-0.007896107904572958,-0.011938891760509662
2019-08-02,-0.013285833800793512,-0.007896107904572958
2019-08-05,-0.03535369373898156,-0.013285833800793512
2019-08-06,0.013783603226341867,-0.03535369373898156
2019-08-07,0.0037665526286154716,0.013783603226341867
2019-08-08,0.022178017091956548,0.0037665526286154716
2019-08-09,-0.010003648560777734,0.022178017091956548
2019-08-12,-0.01210059652762041,-0.010003648560777734
2019-08-13,0.01926406199027042,-0.01210059652762041
2019-08-14,-0.030707329630178748,0.01926406199027042
2019-08-15,-9.420284381604915e-4,-0.030707329630178748
2019-08-16,0.01651998695872159,-9.420284381604915e-4
2019-08-19,0.013437671978509869,0.01651998695872159
2019-08-20,-0.0068019497716527155,0.013437671978509869
2019-08-21,0.008973813647768836,-0.0068019497716527155
2019-08-22,-0.0035998719885785846,0.008973813647768836
2019-08-23,-0.03044352230992864,-0.0035998719885785846
2019-08-26,0.01306867439432935,-0.03044352230992864
2019-08-27,-0.00341694968704509,0.01306867439432935
2019-08-28,0.0038166345442789407,-0.00341694968704509
2019-08-29,0.01472019840254113,0.0038166345442789407
2019-08-30,-0.001319035811670588,0.01472019840254113
2019-09-03,-0.011204196548563417,-0.001319035811670588
2019-09-04,0.012960810676482026,-0.011204196548563417
2019-09-05,0.017392350610764495,0.012960810676482026
2019-09-06,-0.0016967129625005128,0.017392350610764495
2019-09-09,-0.0019307468256606342,-0.0016967129625005128
2019-09-10,-4.056228426883024e-4,-0.0019307468256606342
2019-09-11,0.01052315107895474,-4.056228426883024e-4
2019-09-12,0.0030297412198994067,0.01052315107895474
2019-09-13,-0.0021696387103151693,0.0030297412198994067
2019-09-16,-0.0028376708773887316,-0.0021696387103151693
2019-09-17,0.003975630082184267,-0.0028376708773887316
2019-09-18,-0.0010547781336782691,0.003975630082184267
2019-09-19,6.711070530300844e-4,-0.0010547781336782691
2019-09-20,-0.008000995008321965,6.711070530300844e-4
2019-09-23,-6.420110195133333e-4,-0.008000995008321965
2019-09-24,-0.014756186696056162,-6.420110195133333e-4
2019-09-25,0.010422588172032121,-0.014756186696056162
2019-09-26,-0.005800812197731986,0.010422588172032121
2019-09-27,-0.011400075901400797,-0.005800812197731986
2019-09-30,0.0074923588264486085,-0.011400075901400797
2019-10-01,-0.011398106033725597,0.0074923588264486085
2019-10-02,-0.0157299949016938,-0.011398106033725597
2019-10-03,0.011114240079301396,-0.0157299949016938
2019-10-04,0.01390275640553007,0.011114240079301396
2019-10-07,-0.003285098578386325,0.01390275640553007
2019-10-08,-0.016795029447266074,-0.003285098578386325
2019-10-09,0.010168308553941685,-0.016795029447266074
2019-10-10,0.005933915217918084,0.010168308553941685
2019-10-11,0.013276238218729475,0.005933915217918084
2019-10-14,-0.001041884887669653,0.013276238218729475
2019-10-15,0.012355264352185813,-0.001041884887669653
2019-10-16,-0.003014806039926654,0.012355264352185813
2019-10-17,0.004013255325414633,-0.003014806039926654
2019-10-18,-0.008286203046843355,0.004013255325414633
2019-10-21,0.009038678179388526,-0.008286203046843355
2019-10-22,-0.007215791223046608,0.009038678179388526
2019-10-23,0.0019095356634544203,-0.007215791223046608
2019-10-24,0.008096625373861244,0.0019095356634544203
2019-10-25,0.0069780052933214876,0.008096625373861244
2019-10-28,0.010003048616786359,0.0069780052933214876
2019-10-29,-0.005919561828937603,0.010003048616786359
2019-10-30,0.0032725603556240657,-0.005919561828937603
2019-10-31,-0.0014003230244714615,0.0032725603556240657
2019-11-01,0.011276741367460374,-0.0014003230244714615
2019-11-04,0.005564927089039884,0.011276741367460374
2019-11-05,1.7542123865865733e-4,0.005564927089039884
2019-11-06,-0.00285537299593841,1.7542123865865733e-4
2019-11-07,0.0028363849873276337,-0.00285537299593841
2019-11-08,0.004824427016203003,0.0028363849873276337
2019-11-11,-0.00130219191081693,0.004824427016203003
2019-11-12,0.002573345855832798,-0.00130219191081693
2019-11-13,-4.703194126367549e-4,0.002573345855832798
2019-11-14,-3.631927979892424e-4,-4.703194126367549e-4
2019-11-15,0.007263380116359741,-3.631927979892424e-4
2019-11-18,0.0010661137157317313,0.007263380116359741
2019-11-19,0.0024204450742413286,0.0010661137157317313
2019-11-20,-0.005138770603570819,0.0024204450742413286
2019-11-21,-0.002409509717393732,-0.005138770603570819
2019-11-22,0.0016057620907368175,-0.002409509717393732
2019-11-25,0.013130776538302413,0.0016057620907368175
2019-11-26,0.0017869307925533207,0.013130776538302413
2019-11-27,0.006598265068344489,0.0017869307925533207
2019-11-29,-0.004572083537638605,0.006598265068344489
2019-12-02,-0.011312937975990423,-0.004572083537638605
2019-12-03,-0.005541779235127109,-0.011312937975990423
2019-12-04,0.005387669087557612,-0.005541779235127109
2019-12-05,4.70349124077174e-4,0.005387669087557612
2019-12-06,0.009964548679818108,4.70349124077174e-4
2019-12-09,-0.004016612833449784,0.009964548679818108
2019-12-10,-6.555734570508065e-4,-0.004016612833449784
2019-12-11,0.004385602160358104,-6.555734570508065e-4
2019-12-12,0.007284490188919079,0.004385602160358104
2019-12-13,0.0020123051582512375,0.007284490188919079
2019-12-16,0.009043321870159104,0.0020123051582512375
2019-12-17,0.0010352755907483413,0.009043321870159104
2019-12-18,4.962730659290315e-4,0.0010352755907483413
2019-12-19,0.006715196176768856,4.962730659290315e-4
2019-12-20,0.00423758254324369,0.006715196176768856
2019-12-23,0.002315582794935267,0.00423758254324369
2019-12-24,8.078308632288866e-4,0.002315582794935267
2019-12-26,0.0077339716077222675,8.078308632288866e-4
2019-12-27,-0.0017493512374269216,0.0077339716077222675
2019-12-30,-0.00675446212373032,-0.0017493512374269216
2019-12-31,0.0029700322170818083,-0.00675446212373032
2020-01-02,0.01324040491522993,0.0029700322170818083
2020-01-03,-0.007886206201893842,0.01324040491522993
2020-01-06,0.005604649298138753,-0.007886206201893842
2020-01-07,-3.1859322251648337e-4,0.005604649298138753
2020-01-08,0.006666774358979666,-3.1859322251648337e-4
2020-01-09,0.008093731948919825,0.006666774358979666
2020-01-10,-0.002673154489002627,0.008093731948919825
2020-01-13,0.010304152044723125,-0.002673154489002627
2020-01-14,-0.0024398708436095262,0.010304152044723125
2020-01-15,7.963377118347381e-4,-0.0024398708436095262
2020-01-16,0.01057493588648839,7.963377118347381e-4
2020-01-17,0.0033938395490800133,0.01057493588648839
2020-01-21,-0.0019329537995123047,0.0033938395490800133
2020-01-22,0.0013820585287671605,-0.0019329537995123047
2020-01-23,0.0019919828264907125,0.0013820585287671605
2020-01-24,-0.009357175174791621,0.0019919828264907125
2020-01-27,-0.01903151568560979,-0.009357175174791621
2020-01-28,0.014163982053327473,-0.01903151568560979
2020-01-29,5.910505516055764e-4,0.014163982053327473
2020-01-30,0.0025594303059275347,5.910505516055764e-4
2020-01-31,-0.01604265296373164,0.0025594303059275347
2020-02-03,0.013293475790295162,-0.01604265296373164
2020-02-04,0.020764365201518586,0.013293475790295162
2020-02-05,0.004290538598331395,0.020764365201518586
2020-02-06,0.006652848641085285,0.004290538598331395
2020-02-07,-0.005409487259015577,0.006652848641085285
2020-02-10,0.011267595263293018,-0.005409487259015577
2020-02-11,0.0010951992063059635,0.011267595263293018
2020-02-12,0.008987406620539318,0.0010951992063059635
2020-02-13,-0.0014394780736086688,0.008987406620539318
2020-02-14,0.001976013944968713,-0.0014394780736086688
2020-02-18,1.6035278449599843e-4,0.001976013944968713
2020-02-19,0.008638396325689968,1.6035278449599843e-4
2020-02-20,-0.006767141052089087,0.008638396325689968
2020-02-21,-0.018045176792515605,-0.006767141052089087
2020-02-24,-0.037807676187139094,-0.018045176792515605
2020-02-25,-0.028117699877270752,-0.037807676187139094
2020-02-26,0.0016905823354722571,-0.028117699877270752
2020-02-27,-0.047229800845702385,0.0016905823354722571
2020-02-28,1.0384687713127505e-4,-0.047229800845702385
2020-06-02,0.005879851478663767,1.0384687713127505e-4
2020-06-03,0.00772686990889504,0.005879851478663767
2020-06-04,-0.006953917906104223,0.00772686990889504
2020-06-05,0.02040952303844179,-0.006953917906104223
2020-06-08,0.011213540124009214,0.02040952303844179
2020-06-09,0.002917727250386193,0.011213540124009214
2020-06-10,0.006668621613707515,0.002917727250386193
2020-06-11,-0.05409169433805516,0.006668621613707515
2020-06-12,0.010070456928083615,-0.05409169433805516
2020-06-15,0.014207971334585068,0.010070456928083615
2020-06-16,0.017312790097266273,0.014207971334585068
2020-06-17,0.0014803456093055445,0.017312790097266273
2020-06-18,0.0032759391711447705,0.0014803456093055445
2020-06-19,3.087421482597108e-4,0.0032759391711447705
2020-06-22,0.011034712303594318,3.087421482597108e-4
2020-06-23,0.007419313081497236,0.011034712303594318
2020-06-24,-0.02217597937272231,0.007419313081497236
2020-06-25,0.010823066463442998,-0.02217597937272231
2020-06-26,-0.026276153867817342,0.010823066463442998
2020-06-29,0.011912774931627013,-0.026276153867817342
2020-06-30,0.018524573500293684,0.011912774931627013
2020-07-01,0.009484903380965193,0.018524573500293684
2020-07-02,0.005205720808945102,0.009484903380965193
2020-07-06,0.02190072891041872,0.005205720808945102
2020-07-07,-0.00864022405257181,0.02190072891041872
2020-07-08,0.01426474298412117,-0.00864022405257181
2020-07-09,0.005251850808974723,0.01426474298412117
2020-07-10,0.006585405576910119,0.005251850808974723
2020-07-13,-0.02157333883734225,0.006585405576910119
2020-07-14,0.009362419903483854,-0.02157333883734225
2020-07-15,0.005885272878119352,0.009362419903483854
2020-07-16,-0.007292554037523047,0.005885272878119352
2020-07-17,0.002799288938476252,-0.007292554037523047
2020-07-20,0.024815183704461674,0.002799288938476252
2020-07-21,-0.008087671415323072,0.024815183704461674
2020-07-22,0.002409889929493758,-0.008087671415323072
2020-07-23,-0.023122266462264562,0.002409889929493758
2020-07-24,-0.009435087829080757,-0.023122266462264562
2020-07-27,0.016564436663143667,-0.009435087829080757
2020-07-28,-0.012816813572435137,0.016564436663143667
2020-07-29,0.013449749880063422,-0.012816813572435137
2020-07-30,0.0042468164226292515,0.013449749880063422
2020-07-31,0.014762315344023946,0.0042468164226292515
2020-08-03,0.014554004945440013,0.014762315344023946
2020-08-04,0.003513112051638956,0.014554004945440013
2020-08-05,0.0052171120714064045,0.003513112051638956
2020-08-06,0.009922056131983936,0.0052171120714064045
2020-08-07,-0.008778899986396027,0.009922056131983936
2020-08-10,-0.0038782028046036032,-0.008778899986396027
2020-08-11,-0.01706064073159297,-0.0038782028046036032
2020-08-12,0.021053246932806857,-0.01706064073159297
2020-08-13,0.0027440617564398195,0.021053246932806857
2020-08-14,-0.002103201377037678,0.0027440617564398195
2020-08-17,0.009971685238514993,-0.002103201377037678
2020-08-18,0.007261205084748923,0.009971685238514993
2020-08-19,-0.005759198232592411,0.007261205084748923
2020-08-20,0.01057419748384092,-0.005759198232592411
2020-08-21,0.004150258706173915,0.01057419748384092
2020-08-24,0.00598638840538257,0.004150258706173915
2020-08-25,0.007594300757091332,0.00598638840538257
2020-08-26,0.017170911662010013,0.007594300757091332
2020-08-27,-0.0034108272995911904,0.017170911662010013
2020-08-28,0.006028072823257347,-0.0034108272995911904
2020-08-31,0.006802443899218247,0.006028072823257347
2020-09-01,0.013848761208684834,0.006802443899218247
2020-09-02,0.00973252980000261,0.013848761208684834
2020-09-03,-0.050902123264931376,0.00973252980000261
2020-09-04,-0.012732881658742201,-0.050902123264931376
2020-09-08,-0.042011794020055504,-0.012732881658742201
2020-09-09,0.0267300283309595,-0.042011794020055504
2020-09-10,-0.0201238125202714,0.0267300283309595
2020-09-11,-0.006066212098540191,-0.0201238125202714
2020-09-14,0.018539894816271385,-0.006066212098540191
2020-09-15,0.012017054569504637,0.018539894816271385
2020-09-16,-0.01257621055099456,0.012017054569504637
2020-09-17,-0.01276744714546929,-0.01257621055099456
2020-09-18,-0.01078174552456268,-0.01276744714546929
2020-09-21,-0.0013425196710254994,-0.01078174552456268
2020-09-22,0.017003087193005584,-0.0013425196710254994
2020-09-23,-0.03062285686099564,0.017003087193005584
2020-09-24,0.003687290538664456,-0.03062285686099564
2020-09-25,0.022357268606905123,0.003687290538664456
2020-09-28,0.018517153054661506,0.022357268606905123
2020-09-29,-0.0029077706291236183,0.018517153054661506
2020-09-30,0.007393252898568292,-0.0029077706291236183
2020-10-01,0.014137326409649376,0.007393252898568292
2020-10-02,-0.02245389564806466,0.014137326409649376
2020-10-05,0.022981762622677593,-0.02245389564806466
2020-10-06,-0.015821908233435877,0.022981762622677593
2020-10-07,0.018651292673624198,-0.015821908233435877
2020-10-08,0.0049488294131521116,0.018651292673624198
2020-10-09,0.013822271940789221,0.0049488294131521116
2020-10-12,0.02526710192988091,0.013822271940789221
2020-10-13,-0.0010412209551464713,0.02526710192988091
2020-10-14,-0.00805415502902207,-0.0010412209551464713
2020-10-15,-0.0046724340576602685,-0.00805415502902207
2020-10-16,-0.0036185431362802944,-0.0046724340576602685
2020-10-19,-0.016646261694777564,-0.0036185431362802944
2020-10-20,0.003271126744866848,-0.016646261694777564
2020-10-21,-0.0027650602299544857,0.003271126744866848
2020-10-22,0.0018546057203270294,-0.0027650602299544857
2020-10-23,0.0036670446246009902,0.0018546057203270294
2020-10-26,-0.01653139489895672,0.0036670446246009902
2020-10-27,0.006354409988746923,-0.01653139489895672
2020-10-28,-0.0380216341521038,0.006354409988746923
2020-10-29,0.016288416054749177,-0.0380216341521038
2020-10-30,-0.02480081603794737,0.016288416054749177
2020-11-02,0.00420871136873302,-0.02480081603794737
2020-11-03,0.018352834787521033,0.00420871136873302
2020-11-04,0.03782291915609193,0.018352834787521033
2020-11-05,0.02556592027829474,0.03782291915609193
2020-11-06,3.6162047750565307e-4,0.02556592027829474
2020-11-09,-0.015371568941356273,3.6162047750565307e-4
2020-11-10,-0.013746339190529255,-0.015371568941356273
2020-11-11,0.019929232502628125,-0.013746339190529255
2020-11-12,-0.00654069235734589,0.019929232502628125
2020-11-13,0.010170511741888433,-0.00654069235734589
2020-11-16,0.007985405725161598,0.010170511741888433
2020-11-17,-0.0020811450468389836,0.007985405725161598
2020-11-18,-0.008247840862843248,-0.0020811450468389836
2020-11-19,0.00869903444735165,-0.008247840862843248
2020-11-20,-0.004186950976924564,0.00869903444735165
2020-11-23,0.002162167096598111,-0.004186950976924564
2020-11-24,0.01305846331541538,0.002162167096598111
2020-11-25,0.004774771570636105,0.01305846331541538
2020-11-27,0.00917274515173716,0.004774771570636105
2020-11-30,-5.826260753920565e-4,0.00917274515173716
2020-12-01,0.012737084203665816,-5.826260753920565e-4
2020-12-02,-4.6471201736686396e-4,0.012737084203665816
2020-12-03,0.0022493701917785103,-4.6471201736686396e-4
2020-12-04,0.007008550402607838,0.0022493701917785103
2020-12-07,0.004460407943046363,0.007008550402607838
2020-12-08,0.005004992905696781,0.004460407943046363
2020-12-09,-0.01956743901466318,0.005004992905696781
2020-12-10,0.005403935082687994,-0.01956743901466318
2020-12-11,-0.002254666402501826,0.005403935082687994
2020-12-14,0.0050100956549332665,-0.002254666402501826
2020-12-15,0.012384333592816432,0.0050100956549332665
2020-12-16,0.004999830983233977,0.012384333592816432
2020-12-17,0.008382995243408686,0.004999830983233977
2020-12-18,-7.139665244135784e-4,0.008382995243408686
2020-12-21,-0.0010291031797979855,-7.139665244135784e-4
2020-12-22,0.005119327483718905,-0.0010291031797979855
2020-12-23,-0.002878107209566494,0.005119327483718905
2020-12-24,0.002629054253871388,-0.002878107209566494
2020-12-28,0.007367672536775061,0.002629054253871388
2020-12-29,-0.003821432521633028,0.007367672536775061
2020-12-30,0.0015381110696122136,-0.003821432521633028
2020-12-31,0.0014193708828713625,0.0015381110696122136
2021-01-04,-0.014838438338012239,0.0014193708828713625
2021-01-05,0.009445367756788059,-0.014838438338012239
2021-01-06,-0.006116661203076745,0.009445367756788059
2021-01-07,0.025318076254018607,-0.006116661203076745
2021-01-08,0.010240116888862616,0.025318076254018607
2021-01-11,-0.012619131811073103,0.010240116888862616
2021-01-12,0.00275768636978313,-0.012619131811073103
2021-01-13,0.004314322049834729,0.00275768636978313
2021-01-14,-0.0012431067684950392,0.004314322049834729
2021-01-15,-0.008742657500700801,-0.0012431067684950392
2021-01-19,0.015169180537053961,-0.008742657500700801
2021-01-20,0.019514847552859038,0.015169180537053961
2021-01-21,0.005458715135175041,0.019514847552859038
2021-01-22,8.974978550053692e-4,0.005458715135175041
2021-01-25,0.006838430841540344,8.974978550053692e-4
2021-01-26,-7.285339563889437e-4,0.006838430841540344
2021-01-27,-0.02643307149733154,-7.285339563889437e-4
2021-01-28,0.0050031033278443715,-0.02643307149733154
2021-01-29,-0.020181784212885745,0.0050031033278443715
2021-02-01,0.025135282035085638,-0.020181784212885745
2021-02-02,0.01550144365722339,0.025135282035085638
2021-02-03,-1.6458200942004453e-4,0.01550144365722339
2021-02-04,0.012209767886114165,-1.6458200942004453e-4
2021-02-05,0.005685725419617427,0.012209767886114165
2021-02-08,0.00943406863038021,0.005685725419617427
2021-02-09,0.0014331349732099596,0.00943406863038021
2021-02-10,-0.0025139135602483265,0.0014331349732099596
2021-02-11,0.0038030396381909526,-0.0025139135602483265
2021-02-12,0.004957131327172348,0.0038030396381909526
2021-02-16,-0.0034090057648175076,0.004957131327172348
2021-02-17,-0.005855140720896657,-0.0034090057648175076
2021-02-18,-0.007195634537985995,-0.005855140720896657
2021-02-19,6.560683954610624e-4,-0.007195634537985995
2021-02-22,-0.024914909813228192,6.560683954610624e-4
2021-02-23,-0.0050262333458981345,-0.024914909813228192
2021-02-24,0.009811902804671035,-0.0050262333458981345
2021-02-25,-0.035826183155746705,0.009811902804671035
2021-02-26,0.005542772895843484,-0.035826183155746705
2021-03-01,0.029611050964401642,0.005542772895843484
2021-03-02,-0.017073539422115758,0.029611050964401642
2021-03-03,-0.027398332509800838,-0.017073539422115758
2021-03-04,-0.021327967598413267,-0.027398332509800838
2021-03-05,0.015339840467456511,-0.021327967598413267
2021-03-08,-0.02436459207672037,0.015339840467456511
2021-03-09,0.03618823486386091,-0.02436459207672037
2021-03-10,-3.817695880901084e-4,0.03618823486386091
2021-03-11,0.024925430841728158,-3.817695880901084e-4
2021-03-12,-0.0058992615283877115,0.024925430841728158
2021-03-15,0.010444594822478948,-0.0058992615283877115
2021-03-16,8.807863724875631e-4,0.010444594822478948
2021-03-17,0.00397306435921152,8.807863724875631e-4
2021-03-18,-0.030708812283835485,0.00397306435921152
2021-03-19,0.007524912596325706,-0.030708812283835485
2021-03-22,0.0122064574071441,0.007524912596325706
2021-03-23,-0.011264053751787628,0.0122064574071441
2021-03-24,-0.020299643960346003,-0.011264053751787628
2021-03-25,0.0012174482011104715,-0.020299643960346003
2021-03-26,0.012333457913266344,0.0012174482011104715
2021-03-29,-0.006037038603846412,0.012333457913266344
2021-03-30,-0.0010925663078662495,-0.006037038603846412
2021-03-31,0.01532651925301387,-0.0010925663078662495
2021-04-01,0.017453984810634537,0.01532651925301387
2021-04-05,0.01658847564108079,0.017453984810634537
2021-04-06,-5.261982972406543e-4,0.01658847564108079
2021-04-07,-6.966781983432924e-4,-5.261982972406543e-4
2021-04-08,0.010209330907285263,-6.966781983432924e-4
2021-04-09,0.00511231819919189,0.010209330907285263
2021-04-12,-0.0036173073869729677,0.00511231819919189
2021-04-13,0.010493458835551195,-0.0036173073869729677
2021-04-14,-0.009927565283152973,0.010493458835551195
2021-04-15,0.012970932728389784,-0.009927565283152973
2021-04-16,9.668599215935103e-4,0.012970932728389784
2021-04-19,-0.009838086607324215,9.668599215935103e-4
2021-04-20,-0.009277696871631491,-0.009838086607324215
2021-04-21,0.01182212379462122,-0.009277696871631491
2021-04-22,-0.009493486774555748,0.01182212379462122
2021-04-23,0.01425552058809032,-0.009493486774555748
2021-04-26,0.00866410306412213,0.01425552058809032
2021-04-27,-0.003440475735974502,0.00866410306412213
2021-04-28,-0.0027851981314821472,-0.003440475735974502
2021-04-29,0.002240706255667746,-0.0027851981314821472
2021-04-30,-0.008548394812002869,0.002240706255667746
2021-05-03,-0.004850325814295786,-0.008548394812002869
2021-05-04,-0.019007708546165958,-0.004850325814295786
2021-05-05,-0.003753695502419774,-0.019007708546165958
2021-05-06,0.003705272703180995,-0.003753695502419774
2021-05-07,0.008720160532364574,0.003705272703180995
2021-05-10,-0.02580820745119894,0.008720160532364574
2021-05-11,-9.279631504419683e-4,-0.02580820745119894
2021-05-12,-0.027082274299722542,-9.279631504419683e-4
2021-05-13,0.007134772353232677,-0.027082274299722542
2021-05-14,0.02297149180422231,0.007134772353232677
2021-05-17,-0.0037995201478100427,0.02297149180422231
2021-05-18,-0.005652380518700539,-0.0037995201478100427
2021-05-19,-2.931517805340178e-4,-0.005652380518700539
2021-05-20,0.01758910816986692,-2.931517805340178e-4
2021-05-21,-0.004795110177569839,0.01758910816986692
2021-05-24,0.014018994514065852,-0.004795110177569839
2021-05-25,-2.928435660045636e-4,0.014018994514065852
2021-05-26,0.005901063064362333,-2.928435660045636e-4
2021-05-27,-1.2518810666861668e-4,0.005901063064362333
2021-05-28,9.066729120696948e-4,-1.2518810666861668e-4
2021-06-01,-8.920988170686428e-4,9.066729120696948e-4
2021-06-02,0.0014439857132959588,-8.920988170686428e-4
2021-06-03,-0.010362968947553952,0.0014439857132959588
2021-06-04,0.01458193971884647,-0.010362968947553952
2021-06-07,0.004854788747373107,0.01458193971884647
2021-06-08,0.003106486805684483,0.004854788747373107
2021-06-09,-9.455270249087988e-4,0.003106486805684483
2021-06-10,0.007774617912078341,-9.455270249087988e-4
2021-06-11,0.003495217559834174,0.007774617912078341
2021-06-14,0.0074155105115369935,0.003495217559834174
2021-06-15,-0.007171007957287756,0.0074155105115369935
2021-06-16,-0.0023605607621330904,-0.007171007957287756
2021-06-17,0.008628811063481123,-0.0023605607621330904
2021-06-18,-0.009291424906852086,0.008628811063481123
2021-06-21,0.00788738553452184,-0.009291424906852086
2021-06-22,0.00787396543868013,0.00788738553452184
2021-06-23,0.0012943691552997905,0.00787396543868013
2021-06-24,0.006841825894486675,0.0012943691552997905
2021-06-25,-6.488186921522754e-4,0.006841825894486675
2021-06-28,0.009710107514308675,-6.488186921522754e-4
2021-06-29,0.001916736677532782,0.009710107514308675
2021-06-30,-0.0016795021482050032,0.001916736677532782
2021-07-01,0.0012698601529681497,-0.0016795021482050032
2021-07-02,0.008020848054384189,0.0012698601529681497
2021-07-06,0.0016591885475207846,0.008020848054384189
2021-07-07,9.682815221623287e-5,0.0016591885475207846
2021-07-08,-0.0072048129503734515,9.682815221623287e-5
2021-07-09,0.009715140642013509,-0.0072048129503734515
2021-07-12,0.00212808927513386,0.009715140642013509
2021-07-13,-0.003780226220111871,0.00212808927513386
2021-07-14,-0.002230375765782,-0.003780226220111871
2021-07-15,-0.006976870369710397,-0.002230375765782
2021-07-16,-0.008000606560420565,-0.006976870369710397
2021-07-19,-0.010609715218251381,-0.008000606560420565
2021-07-20,0.015563009653950743,-0.010609715218251381
2021-07-21,0.009136110281803056,0.015563009653950743
2021-07-22,0.0035917917364507446,0.009136110281803056
2021-07-23,0.01032410377471571,0.0035917917364507446
2021-07-26,2.5067485401564227e-4,0.01032410377471571
2021-07-27,-0.012211813185677656,2.5067485401564227e-4
2021-07-28,0.006933341494482548,-0.012211813185677656
2021-07-29,0.0010615601354206916,0.006933341494482548
2021-07-30,-0.007169926147607697,0.0010615601354206916
2021-08-02,5.716901744090563e-4,-0.007169926147607697
2021-08-03,0.005449286274133769,5.716901744090563e-4
2021-08-04,0.001302576272680156,0.005449286274133769
2021-08-05,0.007722857748811762,0.001302576272680156
2021-08-06,-0.0039931835636259905,0.007722857748811762
2021-08-09,0.0016446644106373753,-0.0039931835636259905
2021-08-10,-0.004863014736459448,0.0016446644106373753
2021-08-11,-0.0015531432821607183,-0.004863014736459448
2021-08-12,0.0034562373037339,-0.0015531432821607183
2021-08-13,4.480980618950525e-4,0.0034562373037339
2021-08-16,-0.0019678541908536573,4.480980618950525e-4
2021-08-17,-0.009343386204552218,-0.0019678541908536573
2021-08-18,-0.008928106059121532,-0.009343386204552218
2021-08-19,0.0010926137455378182,-0.008928106059121532
2021-08-20,0.011817710482578292,0.0010926137455378182
2021-08-23,0.015375279925669005,0.011817710482578292
2021-08-24,0.005149751376094969,0.015375279925669005
2021-08-25,0.001467686795765033,0.005149751376094969
2021-08-26,-0.006406040214026021,0.001467686795765033
2021-08-27,0.0122155160813886,-0.006406040214026021
2021-08-30,0.008974424438640938,0.0122155160813886
2021-08-31,-4.356681981825261e-4,0.008974424438640938
2021-09-01,0.0032804682193674495,-4.356681981825261e-4
2021-09-02,0.0014229380057990682,0.0032804682193674495
2021-09-03,0.002107194827745573,0.0014229380057990682
2021-09-07,7.034029678791853e-4,0.002107194827745573
2021-09-08,-0.0057200192663113825,7.034029678791853e-4
2021-09-09,-0.0025144789522002498,-0.0057200192663113825
2021-09-10,-0.008744681031034318,-0.0025144789522002498
2021-09-13,-6.558441843882434e-4,-0.008744681031034318
2021-09-14,-0.0044998614812588045,-6.558441843882434e-4
2021-09-15,0.008196960965973332,-0.0044998614812588045
2021-09-16,0.0013439243972008796,0.008196960965973332
2021-09-17,-0.009128012757075865,0.0013439243972008796
2021-09-20,-0.0221845764931885,-0.009128012757075865
2021-09-21,0.002206359902809041,-0.0221845764931885
2021-09-22,0.01015074329399468,0.002206359902809041
2021-09-23,0.010377077916464472,0.01015074329399468
2021-09-24,-3.0166432438960555e-4,0.010377077916464472
2021-09-27,-0.005178992419633488,-3.0166432438960555e-4
2021-09-28,-0.028683408751719597,-0.005178992419633488
2021-09-29,-0.002356525147302335,-0.028683408751719597
2021-09-30,-0.004410097016206649,-0.002356525147302335
2021-10-01,0.008141969927935477,-0.004410097016206649
2021-10-04,-0.02159668809301074,0.008141969927935477
2021-10-05,0.0124333351708934,-0.02159668809301074
2021-10-06,0.004705613417671728,0.0124333351708934
2021-10-07,0.01043429290005804,0.004705613417671728
2021-10-08,-0.005095489870617698,0.01043429290005804
2021-10-11,-0.006422693099196408,-0.005095489870617698
2021-10-12,-0.001400952791875909,-0.006422693099196408
2021-10-13,0.007281616998717766,-0.001400952791875909
2021-10-14,0.017131866200896795,0.007281616998717766
2021-10-15,0.004973647033793327,0.017131866200896795
2021-10-18,0.008320453427677066,0.004973647033793327
2021-10-19,0.007116253793700622,0.008320453427677066
2021-10-20,-4.899152327713097e-4,0.007116253793700622
2021-10-21,0.006198347332167842,-4.899152327713097e-4
2021-10-22,-0.008282262911189164,0.006198347332167842
2021-10-25,0.009005580549214187,-0.008282262911189164
2021-10-26,5.908920095620829e-4,0.009005580549214187
2021-10-27,8.524857667779884e-6,5.908920095620829e-4
2021-10-28,0.01383678381592901,8.524857667779884e-6
2021-10-29,0.00324880420091489,0.01383678381592901
2021-11-01,0.006273211698793801,0.00324880420091489
2021-11-02,0.0034359960159076053,0.006273211698793801
2021-11-03,0.010297255324537957,0.0034359960159076053
2021-11-04,0.008108506228737156,0.010297255324537957
2021-11-05,0.0019604150194716397,0.008108506228737156
2021-11-08,6.741268703596148e-4,0.0019604150194716397
2021-11-09,-0.00601342375004954,6.741268703596148e-4
2021-11-10,-0.01674658990531519,-0.00601342375004954
2021-11-11,0.005207681697999789,-0.01674658990531519
2021-11-12,0.00992743746721736,0.005207681697999789
2021-11-15,-4.4839314994860047e-4,0.00992743746721736
2021-11-16,0.0075413098271095436,-4.4839314994860047e-4
2021-11-17,-0.0032788449518026397,0.0075413098271095436
2021-11-18,0.004520704231817163,-0.0032788449518026397
2021-11-19,0.003976802827011738,0.004520704231817163
2021-11-22,-0.012702564418120232,0.003976802827011738
2021-11-23,-0.005034495008473527,-0.012702564418120232
2021-11-24,0.004433277336696406,-0.005034495008473527
2021-11-26,-0.02256671355415385,0.004433277336696406
2021-11-29,0.01862082053947489,-0.02256671355415385
2021-11-30,-0.01565393232988299,0.01862082053947489
2021-12-01,-0.018423684134612373,-0.01565393232988299
2021-12-02,0.008308777697790148,-0.018423684134612373
2021-12-03,-0.01942179568122171,0.008308777697790148
2021-12-06,0.0092166806427052,-0.01942179568122171
2021-12-07,0.029878547695961544,0.0092166806427052
2021-12-08,0.006358958846202967,0.029878547695961544
2021-12-09,-0.01722614877845352,0.006358958846202967
2021-12-10,0.0072704572370341225,-0.01722614877845352
2021-12-13,-0.014001013198686962,0.0072704572370341225
2021-12-14,-0.01146083367069295,-0.014001013198686962
2021-12-15,0.02129341175657018,-0.01146083367069295
2021-12-16,-0.025054993582381613,0.02129341175657018
2021-12-17,-7.083994536376537e-4,-0.025054993582381613
2021-12-20,-0.01251992313624406,-7.083994536376537e-4
2021-12-21,0.023756084155854396,-0.01251992313624406
2021-12-22,0.011716423749478011,0.023756084155854396
2021-12-23,0.00843497371273294,0.011716423749478011
2021-12-27,0.013823674950026899,0.00843497371273294
2021-12-28,-0.0056576208203473755,0.013823674950026899
2021-12-29,-9.826316086503084e-4,-0.0056576208203473755
2021-12-30,-0.0015653379473690165,-9.826316086503084e-4
2021-12-31,-0.0061548792323318224,-0.0015653379473690165
2022-01-03,0.011934283162888804,-0.0061548792323318224
2022-01-04,-0.013357477786140493,0.011934283162888804
2022-01-05,-0.034020250610684144,-0.013357477786140493
2022-01-06,-0.0012795834186078991,-0.034020250610684144
2022-01-07,-0.009658676305816627,-0.0012795834186078991
2022-01-10,4.638542210813057e-4,-0.009658676305816627
2022-01-11,0.013996650333215399,4.638542210813057e-4
2022-01-12,0.0023030553683192068,0.013996650333215399
2022-01-13,-0.02544411600415053,0.0023030553683192068
2022-01-14,0.005854480809006191,-0.02544411600415053
2022-01-18,-0.026317236629028073,0.005854480809006191
2022-01-19,-0.011553475470812202,-0.026317236629028073
2022-01-20,-0.013072300202161102,-0.011553475470812202
2022-01-21,-0.027584776944809875,-0.013072300202161102
2022-01-24,0.006241680089022594,-0.027584776944809875
2022-01-25,-0.02305972093579811,0.006241680089022594
2022-01-26,2.0900522675759703e-4,-0.02305972093579811
2022-01-27,-0.014080213652384543,2.0900522675759703e-4
2022-01-28,0.030809105566975248,-0.014080213652384543
2022-01-31,0.03351274183982511,0.030809105566975248
2022-02-01,0.007424686951740256,0.03351274183982511
2022-02-02,0.00497504325794651,0.007424686951740256
2022-02-03,-0.03808224139035765,0.00497504325794651
2022-02-04,0.015669676475384975,-0.03808224139035765
2022-02-07,-0.005857652225023102,0.015669676475384975
2022-02-08,0.012675073074536414,-0.005857652225023102
2022-02-09,0.020633242048742062,0.012675073074536414
2022-02-10,-0.021254138402950318,0.020633242048742062
2022-02-11,-0.028203050126457185,-0.021254138402950318
2022-02-14,-1.671149028226182e-5,-0.028203050126457185
2022-02-15,0.024980271697117473,-1.671149028226182e-5
2022-02-16,-0.001108831507179886,0.024980271697117473
2022-02-17,-0.029266332389070726,-0.001108831507179886
2022-02-18,-0.01237138190416509,-0.029266332389070726
2022-02-22,-0.012369509212687646,-0.01237138190416509
2022-02-23,-0.026045544324412973,-0.012369509212687646
2022-02-24,0.03290239021903396,-0.026045544324412973
2022-02-25,0.01627160202980349,0.03290239021903396
2022-02-28,0.004137601983257966,0.01627160202980349
2022-03-01,-0.016049424566462633,0.004137601983257966
2022-03-02,0.016094447376488574,-0.016049424566462633
2022-03-03,-0.015689542480677332,0.016094447376488574
2022-03-04,-0.016722062266619986,-0.015689542480677332
2022-03-07,-0.03691308616650524,-0.016722062266619986
2022-03-08,-0.002763558448670267,-0.03691308616650524
2022-03-09,0.03531887895665342,-0.002763558448670267
2022-03-10,-0.009519679045178364,0.03531887895665342
2022-03-11,-0.022034689112894412,-0.009519679045178364
2022-03-14,-0.02065674559501751,-0.022034689112894412
2022-03-15,0.02878402364226673,-0.02065674559501751
2022-03-16,0.0369893633674927,0.02878402364226673
2022-03-17,0.013177396252139317,0.0369893633674927
2022-03-18,0.020289577765698397,0.013177396252139317
2022-03-21,-0.003993895696869032,0.020289577765698397
2022-03-22,0.019348486385421637,-0.003993895696869032
2022-03-23,-0.013286764867688206,0.019348486385421637
2022-03-24,0.01915374951961013,-0.013286764867688206
2022-03-25,-0.00158950197964991,0.01915374951961013
2022-03-28,0.013013735989845898,-0.00158950197964991
2022-03-29,0.01827443162131459,0.013013735989845898
2022-03-30,-0.012206515299212128,0.01827443162131459
2022-03-31,-0.015473331911616484,-0.012206515299212128
2022-04-01,0.0028776398376049173,-0.015473331911616484
2022-04-04,0.01882734891709248,0.0028776398376049173
2022-04-05,-0.022855369743382425,0.01882734891709248
2022-04-06,-0.022451355514769844,-0.022855369743382425
2022-04-07,6.10340156521616e-4,-0.022451355514769844
2022-04-08,-0.013496132235896852,6.10340156521616e-4
2022-04-11,-0.022051587091313607,-0.013496132235896852
2022-04-12,-0.0030160086173509626,-0.022051587091313607
2022-04-13,0.020138968148019742,-0.0030160086173509626
2022-04-14,-0.021672516511760165,0.020138968148019742
2022-04-18,-0.0014030971518028679,-0.021672516511760165
2022-04-19,0.021320159442574038,-0.0014030971518028679
2022-04-20,-0.012306992573737574,0.021320159442574038
2022-04-21,-0.020912797759740087,-0.012306992573737574
2022-04-22,-0.02578455443420502,-0.020912797759740087
2022-04-25,0.012812330946649908,-0.02578455443420502
2022-04-26,-0.0403347462276038,0.012812330946649908
2022-04-27,-1.4496163350763425e-4,-0.0403347462276038
2022-04-28,0.03017528999396646,-1.4496163350763425e-4
2022-04-29,-0.04260638109656867,0.03017528999396646
2022-05-02,0.01619452725729076,-0.04260638109656867
2022-05-03,0.0022103975769240947,0.01619452725729076
2022-05-04,0.031426187103416936,0.0022103975769240947
2022-05-05,-0.051206172336945244,0.031426187103416936
2022-05-06,-0.014146895540514848,-0.051206172336945244
2022-05-09,-0.04388217736122435,-0.014146895540514848
2022-05-10,0.009795918759568423,-0.04388217736122435
2022-05-11,-0.03233171754963493,0.009795918759568423
2022-05-12,5.911297635776691e-4,-0.03233171754963493
2022-05-13,0.037460437056880735,5.911297635776691e-4
2022-05-16,-0.01211973530026178,0.037460437056880735
2022-05-17,0.027212342671573353,-0.01211973530026178
2022-05-18,-0.04841154909026457,0.027212342671573353
2022-05-19,-0.002600154500743912,-0.04841154909026457
2022-05-20,-0.0029793544332790134,-0.002600154500743912
2022-05-23,0.0157845378531416,-0.0029793544332790134
2022-05-24,-0.023757491497015337,0.0157845378531416
2022-05-25,0.015004344262052882,-0.023757491497015337
2022-05-26,0.026401101904935942,0.015004344262052882
2022-05-27,0.03271765401023252,0.026401101904935942
2022-05-31,-0.004108643405132284,0.03271765401023252
2022-06-01,-0.007221349748959938,-0.004108643405132284
2022-06-02,0.02652746151707497,-0.007221349748959938
2022-06-03,-0.02500537492444721,0.02652746151707497
2022-06-06,0.004040833380051012,-0.02500537492444721
2022-06-07,0.009395805224512443,0.004040833380051012
2022-06-08,-0.007333539657388144,0.009395805224512443
2022-06-09,-0.02785684311858283,-0.007333539657388144
2022-06-10,-0.03587519505440184,-0.02785684311858283
2022-06-13,-0.04793757849301983,-0.03587519505440184
2022-06-14,0.0017672166232838293,-0.04793757849301983
2022-06-15,0.024700905242873716,0.0017672166232838293
2022-06-16,-0.04167497278977983,0.024700905242873716
2022-06-17,0.014199717292241232,-0.04167497278977983
2022-06-21,0.02478218460482573,0.014199717292241232
2022-06-22,-0.0014663638862320028,0.02478218460482573
2022-06-23,0.016074672125036216,-0.0014663638862320028
2022-06-24,0.03287798774787909,0.016074672125036216
2022-06-27,-0.007182263477929496,0.03287798774787909
2022-06-28,-0.030215317910469608,-0.007182263477929496
2022-06-29,-3.265191204295803e-4,-0.030215317910469608
2022-06-30,-0.01343307450486364,-3.265191204295803e-4
2022-07-01,0.008946325831791668,-0.01343307450486364
2022-07-05,0.01731801384268472,0.008946325831791668
2022-07-06,0.0034922640078445255,0.01731801384268472
2022-07-07,0.022582672298213424,0.0034922640078445255
2022-07-08,0.0012005131524919221,0.022582672298213424
2022-07-11,-0.02283748400021146,0.0012005131524919221
2022-07-12,-0.009530272050263022,-0.02283748400021146
2022-07-13,-0.0015236458209990644,-0.009530272050263022
2022-07-14,3.2093767899255e-4,-0.0015236458209990644
2022-07-15,0.01772711553375217,3.2093767899255e-4
2022-07-18,-0.008098257059444336,0.01772711553375217
2022-07-19,0.03060937813978093,-0.008098257059444336
2022-07-20,0.01562875881783299,0.03060937813978093
2022-07-21,0.013520947163291552,0.01562875881783299
2022-07-22,-0.018875812449918428,0.013520947163291552
2022-07-25,-0.004356267911285627,-0.018875812449918428
2022-07-26,-0.018856617357409178,-0.004356267911285627
2022-07-27,0.039831483119135314,-0.018856617357409178
2022-07-28,0.010760167412154686,0.039831483119135314
2022-07-29,0.018580584408883993,0.010760167412154686
2022-08-01,-0.0017536554981116836,0.018580584408883993
2022-08-02,-0.001636129148055332,-0.0017536554981116836
2022-08-03,0.025536136985008895,-0.001636129148055332
2022-08-04,0.004129389318190846,0.025536136985008895
2022-08-05,-0.0049673008475927816,0.004129389318190846
2022-08-08,-0.0010346881563219057,-0.0049673008475927816
2022-08-09,-0.0119762701401811,-0.0010346881563219057
2022-08-10,0.028474365900255094,-0.0119762701401811
2022-08-11,-0.005842848357209718,0.028474365900255094
2022-08-12,0.020698398948347574,-0.005842848357209718
2022-08-15,0.006178329710662567,0.020698398948347574
2022-08-16,-0.0019442947102117358,0.006178329710662567
2022-08-17,-0.012628851205906955,-0.0019442947102117358
2022-08-18,0.0021016294056721563,-0.012628851205906955
2022-08-19,-0.020266719927999333,0.0021016294056721563
2022-08-22,-0.025803809215437568,-0.020266719927999333
2022-08-23,-2.184785618375429e-5,-0.025803809215437568
2022-08-24,0.004048755197080922,-2.184785618375429e-5
2022-08-25,0.016572587556266782,0.004048755197080922
2022-08-26,-0.04016196763265789,0.016572587556266782
2022-08-29,-0.01026856894481476,-0.04016196763265789
2022-08-30,-0.011257501031957773,-0.01026856894481476
2022-08-31,-0.005649071373346359,-0.011257501031957773
2022-09-01,-0.002632930461652805,-0.005649071373346359
2022-09-02,-0.01317661664220715,-0.002632930461652805
2022-09-06,-0.007417279985272529,-0.01317661664220715
2022-09-07,0.02116822748425662,-0.007417279985272529
2022-09-08,0.005938074631465895,0.02116822748425662
2022-09-09,0.020871292500673988,0.005938074631465895
2022-09-12,0.012642389768792839,0.020871292500673988
2022-09-13,-0.052969734078065045,0.012642389768792839
2022-09-14,0.00737454232249668,-0.052969734078065045
2022-09-15,-0.014379677825397508,0.00737454232249668
2022-09-16,-0.009039759166689976,-0.014379677825397508
2022-09-19,0.0075375684753744565,-0.009039759166689976
2022-09-20,-0.009579288797386454,0.0075375684753744565
2022-09-21,-0.018093423749759197,-0.009579288797386454
2022-09-22,-0.013764372142428982,-0.018093423749759197
2022-09-23,-0.018134278289467787,-0.013764372142428982
2022-09-26,-0.005999761136317616,-0.018134278289467787
2022-09-27,0.002457431170192592,-0.005999761136317616
2022-09-28,0.020304909534443638,0.002457431170192592
2022-09-29,-0.028835604632121203,0.020304909534443638
2022-09-30,-0.015191833661479137,-0.028835604632121203
2022-10-03,0.022422426177625354,-0.015191833661479137
2022-10-04,0.03283153170340114,0.022422426177625354
2022-10-05,-0.0024878351787656072,0.03283153170340114
2022-10-06,-0.006779816291947682,-0.0024878351787656072
2022-10-07,-0.03875241399629381,-0.006779816291947682
2022-10-10,-0.010408528350005497,-0.03875241399629381
2022-10-11,-0.011055776136494444,-0.010408528350005497
2022-10-12,-8.723019131728904e-4,-0.011055776136494444
2022-10-13,0.022031464294425263,-8.723019131728904e-4
2022-10-14,-0.031261706600551165,0.022031464294425263
2022-10-17,0.03376107261934891,-0.031261706600551165
2022-10-18,0.009007864366328278,0.03376107261934891
2022-10-19,-0.00856678057342286,0.009007864366328278
2022-10-20,-0.0061675559449607675,-0.00856678057342286
2022-10-21,0.0228074989938154,-0.0061675559449607675
2022-10-24,0.00851730981750265,0.0228074989938154
2022-10-25,0.02225739812648264,0.00851730981750265
2022-10-26,-0.020580676545414178,0.02225739812648264
2022-10-27,-0.016387344940021364,-0.020580676545414178
2022-10-28,0.028298629511475326,-0.016387344940021364
2022-10-31,-0.010348367330186292,0.028298629511475326
2022-11-01,-0.008894503653946728,-0.010348367330186292
2022-11-02,-0.03418859283623732,-0.008894503653946728
2022-11-03,-0.017430155557210725,-0.03418859283623732
2022-11-04,0.012711128973823094,-0.017430155557210725
2022-11-07,0.008485840760238617,0.012711128973823094
2022-11-08,0.004879982105508773,0.008485840760238617
2022-11-09,-0.025088409273188006,0.004879982105508773
2022-11-10,0.07092636093978832,-0.025088409273188006
2022-11-11,0.018646099622218415,0.07092636093978832
2022-11-14,-0.011289009113619741,0.018646099622218415
2022-11-15,0.014382255551813827,-0.011289009113619741
2022-11-16,-0.015504654036236687,0.014382255551813827
2022-11-17,-0.003466424155320169,-0.015504654036236687
2022-11-18,9.865940625530811e-5,-0.003466424155320169
2022-11-21,-0.010965079037978498,9.865940625530811e-5
2022-11-22,0.013505402026778413,-0.010965079037978498
2022-11-23,0.009876437115273973,0.013505402026778413
2022-11-25,-0.0052381780491419505,0.009876437115273973
2022-11-28,-0.015879437663022244,-0.0052381780491419505
2022-11-29,-0.005965514044760312,-0.015879437663022244
2022-11-30,0.04314088399466165,-0.005965514044760312
2022-12-01,0.0012592517444325324,0.04314088399466165
2022-12-02,-0.0018262069919625645,0.0012592517444325324
2022-12-05,-0.019520048171958848,-0.0018262069919625645
2022-12-06,-0.020225582696422606,-0.019520048171958848
2022-12-07,-0.005128006230577853,-0.020225582696422606
2022-12-08,0.011202214770523966,-0.005128006230577853
2022-12-09,-0.007006975173162289,0.011202214770523966
2022-12-12,0.012562731024909013,-0.007006975173162289
2022-12-13,0.010095314375199393,0.012562731024909013
2022-12-14,-0.007661984528255061,0.010095314375199393
2022-12-15,-0.03279057172382238,-0.007661984528255061
2022-12-16,-0.00977144865649926,-0.03279057172382238
2022-12-19,-0.014999724050845487,-0.00977144865649926
2022-12-20,1.0241036601854603e-4,-0.014999724050845487
2022-12-21,0.015267148063893288,1.0241036601854603e-4
2022-12-22,-0.022020677622856866,0.015267148063893288
2022-12-23,0.002073067836915854,-0.022020677622856866
2022-12-27,-0.013872866760854308,0.002073067836915854
2022-12-28,-0.013608776395688693,-0.013872866760854308
2022-12-29,0.02559657826242301,-0.013608776395688693
2022-12-30,-0.0011085809845443606,0.02559657826242301
2023-01-03,-0.007624670589333249,-0.0011085809845443606
2023-01-04,0.006886738466320708,-0.007624670589333249
2023-01-05,-0.014787355875258257,0.006886738466320708
2023-01-06,0.025300103602832635,-0.014787355875258257
2023-01-09,0.006258972376727456,0.025300103602832635
2023-01-10,0.010008324692011072,0.006258972376727456
2023-01-11,0.017444146704118424,0.010008324692011072
2023-01-12,0.00633115843548282,0.017444146704118424
2023-01-13,0.007070647983038469,0.00633115843548282
2023-01-17,0.0014386221235831442,0.007070647983038469
2023-01-18,-0.012525089706514336,0.0014386221235831442
2023-01-19,-0.009605181191135514,-0.012525089706514336
2023-01-20,0.02620657384428071,-0.009605181191135514
2023-01-23,0.019905750591513893,0.02620657384428071
2023-01-24,-0.002655717700738691,0.019905750591513893
2023-01-25,-0.0018464789239747148,-0.002655717700738691
2023-01-26,0.017441238222657418,-0.0018464789239747148
2023-01-27,0.009449299770864172,0.017441238222657418
2023-01-30,-0.01980470954087643,0.009449299770864172
2023-01-31,0.016602109174694846,-0.01980470954087643
2023-02-01,0.019809356293377434,0.016602109174694846
2023-02-02,0.032021534976635735,0.019809356293377434
2023-02-03,-0.016017523139293388,0.032021534976635735
2023-02-06,-0.010002426875040271,-0.016017523139293388
2023-02-07,0.018861238124653568,-0.010002426875040271
2023-02-08,-0.016922472471224026,0.018861238124653568
2023-02-09,-0.010205906715695434,-0.016922472471224026
2023-02-10,-0.006079725405594871,-0.010205906715695434
2023-02-13,0.014711877608284851,-0.006079725405594871
2023-02-14,0.005732073576014685,0.014711877608284851
2023-02-15,0.009191579584129528,0.005732073576014685
2023-02-16,-0.01795216618545936,0.009191579584129528
2023-02-17,-0.005799640502461401,-0.01795216618545936
2023-02-21,-0.02534286690877252,-0.005799640502461401
2023-02-22,0.0012844273358698644,-0.02534286690877252
2023-02-23,0.007215546735654499,0.0012844273358698644
2023-02-24,-0.017007768044264182,0.007215546735654499
2023-02-27,0.006302206872446092,-0.017007768044264182
2023-02-28,-9.981826067946287e-4,0.006302206872446092
2023-03-01,-0.006661684544360114,-9.981826067946287e-4
2023-03-02,0.0073109786335088245,-0.006661684544360114
2023-03-03,0.01952631079965883,0.0073109786335088245
2023-03-06,-0.0011358591619128333,0.01952631079965883
2023-03-07,-0.012532243281915711,-0.0011358591619128333
2023-03-08,0.003953027693453848,-0.012532243281915711
2023-03-09,-0.02074323871327799,0.003953027693453848
2023-03-10,-0.017748193576544224,-0.02074323871327799
2023-03-13,0.0044742819604817186,-0.017748193576544224
2023-03-14,0.021162805119773864,0.0044742819604817186
2023-03-15,5.160845538085823e-4,0.021162805119773864
2023-03-16,0.02446896996526604,5.160845538085823e-4
2023-03-17,-0.007432901114711399,0.02446896996526604
2023-03-20,0.00386426098368986,-0.007432901114711399
2023-03-21,0.01568463953485555,0.00386426098368986
2023-03-22,-0.01616268268931975,0.01568463953485555
2023-03-23,0.01001318214648883,-0.01616268268931975
2023-03-24,0.0030967804468247095,0.01001318214648883
2023-03-27,-0.00467263045780264,0.0030967804468247095
2023-03-28,-0.004493083609320436,-0.00467263045780264
2023-03-29,0.017778770369684338,-0.004493083609320436
2023-03-30,0.00728746324594276,0.017778770369684338
2023-03-31,0.01720175796475587,0.00728746324594276
2023-04-03,-0.002659415911370644,0.01720175796475587
2023-04-04,-0.005191711576205904,-0.002659415911370644
2023-04-05,-0.010734149787021252,-0.005191711576205904
2023-04-06,0.007564934481418817,-0.010734149787021252
2023-04-10,-2.9782903379249603e-4,0.007564934481418817
2023-04-11,-0.004352299619062805,-2.9782903379249603e-4
2023-04-12,-0.00855888524807824,-0.004352299619062805
2023-04-13,0.0196664313548105,-0.00855888524807824
2023-04-14,-0.0035241093804003754,0.0196664313548105
2023-04-17,0.002821115726769463,-0.0035241093804003754
2023-04-18,-3.545347648117314e-4,0.002821115726769463
2023-04-19,3.1429139119687477e-4,-3.545347648117314e-4
2023-04-20,-0.008066422335643253,3.1429139119687477e-4
2023-04-21,0.0010691514514267197,-0.008066422335643253
2023-04-24,-0.002924951287969435,0.0010691514514267197
2023-04-25,-0.019973515181510137,-0.002924951287969435
2023-04-26,0.004666500136623952,-0.019973515181510137
2023-04-27,0.023995446040325774,0.004666500136623952
2023-04-28,0.0069219748367999046,0.023995446040325774
2023-05-01,-0.0011441030716881073,0.0069219748367999046
2023-05-02,-0.010874782924142679,-0.0011441030716881073
2023-05-03,-0.004578125818030188,-0.010874782924142679
2023-05-04,-0.00491250984067193,-0.004578125818030188
2023-05-05,0.022231464425658487,-0.00491250984067193
2023-05-08,0.0017564495567707894,0.022231464425658487
2023-05-09,-0.006332369330852572,0.0017564495567707894
2023-05-10,0.010364437760742362,-0.006332369330852572
2023-05-11,0.001791709881000969,0.010364437760742362
2023-05-12,-0.0035565865855051726,0.001791709881000969
2023-05-15,0.006529020284478548,-0.0035565865855051726
2023-05-16,-0.0017937452820984134,0.006529020284478548
2023-05-17,0.012681132458521205,-0.0017937452820984134
2023-05-18,0.014948586407163234,0.012681132458521205
2023-05-19,-0.002441297634751649,0.014948586407163234
2023-05-22,0.004955341242114386,-0.002441297634751649
2023-05-23,-0.012699832981432735,0.004955341242114386
2023-05-24,-0.006076412053298341,-0.012699832981432735
2023-05-25,0.016990922901229055,-0.006076412053298341
2023-05-26,0.02162606379505938,0.016990922901229055
2023-05-30,0.0032115647140251724,0.02162606379505938
2023-05-31,-0.006329966459798442,0.0032115647140251724
2023-06-01,0.012727834151334605,-0.006329966459798442
2023-06-02,0.010613598166369087,0.012727834151334605
2023-06-05,-8.568008385587689e-4,0.010613598166369087
2023-06-06,0.0035456538308551444,-8.568008385587689e-4
2023-06-07,-0.013003287629283378,0.0035456538308551444
2023-06-08,0.010144490496863057,-0.013003287629283378
2023-06-09,0.0015563730524270625,0.010144490496863057
2023-06-12,0.015177853686278553,0.0015563730524270625
2023-06-13,0.008241171164447891,0.015177853686278553
2023-06-14,0.00390886862479789,0.008241171164447891
2023-06-15,0.011407918830737884,0.00390886862479789
2023-06-16,-0.006788659887554616,0.011407918830737884
2023-06-20,-0.0016288622361884109,-0.006788659887554616
2023-06-21,-0.012152740014741426,-0.0016288622361884109
2023-06-22,0.009465375122207575,-0.012152740014741426
2023-06-23,-0.01018260164469531,0.009465375122207575
2023-06-26,-0.011684753957263538,-0.01018260164469531
2023-06-27,0.016354235105268344,-0.011684753957263538
2023-06-28,0.0026580868069423502,0.016354235105268344
2023-06-29,-3.089582739335128e-5,0.0026580868069423502
2023-06-30,0.014360745624172111,-3.089582739335128e-5
2023-07-03,0.002090197024493534,0.014360745624172111
2023-07-05,-0.0018196729568238368,0.002090197024493534
2023-07-06,-0.008198627743427167,-0.0018196729568238368
2023-07-07,-0.001340195773421371,-0.008198627743427167
2023-07-10,0.001810909653066517,-0.001340195773421371
2023-07-11,0.0054812664690935264,0.001810909653066517
2023-07-12,0.011435219167262645,0.0054812664690935264
2023-07-13,0.015654609250177032,0.011435219167262645
2023-07-14,-0.0017605752149805198,0.015654609250177032
2023-07-17,0.00925650095096131,-0.0017605752149805198
2023-07-18,0.007601072432210643,0.00925650095096131
2023-07-19,3.050943743136969e-4,0.007601072432210643
2023-07-20,-0.020739390705699634,3.050943743136969e-4
2023-07-21,-0.0021711192088940123,-0.020739390705699634
2023-07-24,0.001855393101514835,-0.0021711192088940123
2023-07-25,0.006076545848761938,0.001855393101514835
2023-07-26,-0.001222368202567381,0.006076545848761938
2023-07-27,-0.0054774493381941625,-0.001222368202567381
2023-07-28,0.018793655065515225,-0.0054774493381941625
2023-07-31,0.002048614127367898,0.018793655065515225
2023-08-01,-0.004338779250387503,0.002048614127367898
2023-08-02,-0.021974625371280254,-0.004338779250387503
2023-08-03,-9.830942849831104e-4,-0.021974625371280254
2023-08-04,-0.003622635897704285,-9.830942849831104e-4
2023-08-07,0.006103893165693819,-0.003622635897704285
2023-08-08,-0.007897109152592563,0.006103893165693819
2023-08-09,-0.011758360733580275,-0.007897109152592563
2023-08-10,0.0011631973230930015,-0.011758360733580275
2023-08-11,-0.006802872509672042,0.0011631973230930015
2023-08-14,0.010460455455641338,-0.006802872509672042
2023-08-15,-0.011472323526824368,0.010460455455641338
2023-08-16,-0.011541614897787156,-0.011472323526824368
2023-08-17,-0.011772514864462735,-0.011541614897787156
2023-08-18,-0.001965552279370897,-0.011772514864462735
2023-08-21,0.015440557092084362,-0.001965552279370897
2023-08-22,6.132750180150026e-4,0.015440557092084362
2023-08-23,0.015805297863145995,6.132750180150026e-4
2023-08-24,-0.018912503881361786,0.015805297863145995
2023-08-25,0.009364876634498032,-0.018912503881361786
2023-08-28,0.008388121700637186,0.009364876634498032
2023-08-29,0.017261872808711942,0.008388121700637186
2023-08-30,0.005403554782029474,0.017261872808711942
2023-08-31,0.0011164184765419805,0.005403554782029474
2023-09-01,-2.2518837875296072e-4,0.0011164184765419805
2023-09-05,-7.742108536312742e-4,-2.2518837875296072e-4
2023-09-06,-0.010646372630263912,-7.742108536312742e-4
2023-09-07,-0.008952545687613167,-0.010646372630263912
2023-09-08,9.233027886530465e-4,-0.008952545687613167
2023-09-11,0.011297999643261392,9.233027886530465e-4
2023-09-12,-0.010420569666450774,0.011297999643261392
2023-09-13,0.002898410849430988,-0.010420569666450774
2023-09-14,0.00810829401511981,0.002898410849430988
2023-09-15,-0.015757489939977276,0.00810829401511981
2023-09-18,1.3933303095825522e-4,-0.015757489939977276
2023-09-19,-0.0023403910731367716,1.3933303095825522e-4
2023-09-20,-0.01540223325055834,-0.0023403910731367716
2023-09-21,-0.018368508099801062,-0.01540223325055834
2023-09-22,-9.207895265817001e-4,-0.018368508099801062
2023-09-25,0.004494245402149488,-9.207895265817001e-4
2023-09-26,-0.01577481033551109,0.004494245402149488
2023-09-27,0.0022357207386178857,-0.01577481033551109
2023-09-28,0.008247565459463146,0.0022357207386178857
2023-09-29,0.0013656042229133192,0.008247565459463146
2023-10-02,0.006668620421800497,0.0013656042229133192
2023-10-03,-0.018834519788315518,0.006668620421800497
2023-10-04,0.01342760770957696,-0.018834519788315518
2023-10-05,-0.0012231469205090661,0.01342760770957696
2023-10-06,0.01587278959760141,-0.0012231469205090661
2023-10-09,0.003930842923496769,0.01587278959760141
2023-10-10,0.0058120751228720735,0.003930842923496769
2023-10-11,0.007114716338779914,0.0058120751228720735
2023-10-12,-0.006276019467433613,0.007114716338779914
2023-10-13,-0.012378236809595933,-0.006276019467433613
2023-10-16,0.011918490887930844,-0.012378236809595933
2023-10-17,-0.0025260738971386587,0.011918490887930844
2023-10-18,-0.016347934715318146,-0.0025260738971386587
2023-10-19,-0.009669343186969215,-0.016347934715318146
2023-10-20,-0.015466124124509761,-0.009669343186969215
2023-10-23,0.0026552067299370208,-0.015466124124509761
2023-10-24,0.009292758124782807,0.0026552067299370208
2023-10-25,-0.024549539026553546,0.009292758124782807
2023-10-26,-0.017753220983616202,-0.024549539026553546
2023-10-27,0.00375610628232792,-0.017753220983616202
2023-10-30,0.011518519909310854,0.00375610628232792
2023-10-31,0.004817328325243508,0.011518519909310854
2023-11-01,0.016226331029161045,0.004817328325243508
2023-11-02,0.017660475993819702,0.016226331029161045
2023-11-03,0.01375239119055749,0.017660475993819702
2023-11-06,0.0030003288922006988,0.01375239119055749
2023-11-07,0.008916564124319848,0.0030003288922006988
2023-11-08,7.731550487939387e-4,0.008916564124319848
2023-11-09,-0.009492241426999115,7.731550487939387e-4
2023-11-10,0.02025432391159221,-0.009492241426999115
2023-11-13,-0.0022034603561866817,0.02025432391159221
2023-11-14,0.023447936669747094,-0.0022034603561866817
2023-11-15,6.709615985780459e-4,0.023447936669747094
2023-11-16,6.967360765930408e-4,6.709615985780459e-4
2023-11-17,8.364662109343612e-4,6.967360765930408e-4
2023-11-20,0.011196860697877398,8.364662109343612e-4
2023-11-21,-0.005936563472467071,0.011196860697877398
2023-11-22,0.004628705742501182,-0.005936563472467071
2023-11-24,-0.0010527682607470723,0.004628705742501182
2023-11-27,-6.90026931298604e-4,-0.0010527682607470723
2023-11-28,0.0028566824892113374,-6.90026931298604e-4
2023-11-29,-0.0016306469919609157,0.0028566824892113374
2023-11-30,-0.0022658136005535567,-0.0016306469919609157
2023-12-01,0.005524521170196195,-0.0022658136005535567
2023-12-04,-0.0083916150652108,0.005524521170196195
2023-12-05,0.0031264706776887863,-0.0083916150652108
2023-12-06,-0.005864012936241281,0.0031264706776887863
2023-12-07,0.013570068705602623,-0.005864012936241281
2023-12-08,0.004451689880871967,0.013570068705602623
2023-12-11,0.001978087265273487,0.004451689880871967
2023-12-12,0.00696754439860392,0.001978087265273487
2023-12-13,0.013705555086399812,0.00696754439860392
2023-12-14,0.0018714447393222144,0.013705555086399812
2023-12-15,0.00354079846995603,0.0018714447393222144
2023-12-18,0.00611667681406125,0.00354079846995603
2023-12-19,0.00658087568622534,0.00611667681406125
2023-12-20,-0.015129269160858883,0.00658087568622534
2023-12-21,0.012503079417648166,-0.015129269160858883
2023-12-22,0.0019427695764626662,0.012503079417648166
2023-12-26,0.005427832550990885,0.0019427695764626662
2023-12-27,0.0016311781238069756,0.005427832550990885
2023-12-28,-2.676025938299631e-4,0.0016311781238069756
2023-12-29,-0.005566258801245283,-2.676025938299631e-4
2024-01-02,-0.016483349279244663,-0.005566258801245283
2024-01-03,-0.01183538434091247,-0.016483349279244663
2024-01-04,-0.005629093380470351,-0.01183538434091247
2024-01-05,9.485660470289758e-4,-0.005629093380470351
2024-01-08,0.02177292235811734,9.485660470289758e-4
2024-01-09,9.387027817790994e-4,0.02177292235811734
2024-01-10,0.007505924353859328,9.387027817790994e-4
2024-01-11,3.607494547530621e-5,0.007505924353859328
2024-01-12,1.7161541712162887e-4,3.607494547530621e-5
2024-01-16,-0.001899258677296345,1.7161541712162887e-4
2024-01-17,-0.005955023123457082,-0.001899258677296345
2024-01-18,0.01337510925099572,-0.005955023123457082
2024-01-19,0.01681618511449834,0.01337510925099572
2024-01-22,0.0032160632062154804,0.01681618511449834
2024-01-23,0.004264925529250618,0.0032160632062154804
2024-01-24,0.003622350609949976,0.004264925529250618
2024-01-25,0.0018443275032034023,0.003622350609949976
2024-01-26,-0.0035613224428168166,0.0018443275032034023
2024-01-29,0.011110847705335658,-0.0035613224428168166
2024-01-30,-0.007588184297704359,0.011110847705335658
2024-01-31,-0.02255371324545763,-0.007588184297704359
2024-02-01,0.012948628313043997,-0.02255371324545763
2024-02-02,0.017251506203251665,0.012948628313043997
2024-02-05,-0.0020028109586398557,0.017251506203251665
2024-02-06,7.255057641444296e-4,-0.0020028109586398557
2024-02-07,0.00941417044197479,7.255057641444296e-4
2024-02-08,0.0023499156122070985,0.00941417044197479
2024-02-09,0.012393054532285674,0.0023499156122070985
2024-02-12,-0.0030131883404180826,0.012393054532285674
2024-02-13,-0.018162967716243372,-0.0030131883404180826
2024-02-14,0.012917989948267206,-0.018162967716243372
2024-02-15,0.002960433902636339,0.012917989948267206
2024-02-16,-0.008239442579924372,0.002960433902636339
2024-02-20,-0.00922557206460084,-0.008239442579924372
2024-02-21,-0.003198177486089193,-0.00922557206460084
2024-02-22,0.029142714923542812,-0.003198177486089193
2024-02-23,-0.0027966301283974815,0.029142714923542812
2024-02-26,-0.0012867275577281845,-0.0027966301283974815
2024-02-27,0.003689285400060527,-0.0012867275577281845
2024-02-28,-0.0054753887658947065,0.003689285400060527
2024-02-29,0.009000136707943085,-0.0054753887658947065
2024-03-01,0.011309250047782271,0.009000136707943085
2024-03-04,-0.004151827249440743,0.011309250047782271
2024-03-05,-0.01666875883106478,-0.004151827249440743
2024-03-06,0.005752092539472287,-0.01666875883106478
2024-03-07,0.014972602455950224,0.005752092539472287
2024-03-08,-0.011636615575028486,0.014972602455950224
2024-03-11,-0.004101677893192601,-0.011636615575028486
2024-03-12,0.015262542530885881,-0.004101677893192601
2024-03-13,-0.005416837149185838,0.015262542530885881
2024-03-14,-0.00304827827623555,-0.005416837149185838
2024-03-15,-0.00967933558567502,-0.00304827827623555
2024-03-18,0.008123112057246473,-0.00967933558567502
2024-03-19,0.003925593651015191,0.008123112057246473
2024-03-20,0.012455218210947194,0.003925593651015191
2024-03-21,0.001979155392959342,0.012455218210947194
2024-03-22,0.0016436145173734928,0.001979155392959342
2024-03-25,-0.002703150766508955,0.0016436145173734928
2024-03-26,-0.004206131485618769,-0.002703150766508955
2024-03-27,0.005124191128413003,-0.004206131485618769
2024-03-28,-0.0012239290623057286,0.005124191128413003
2024-04-01,0.0010599197647422898,-0.0012239290623057286
2024-04-02,-0.009582972492887976,0.0010599197647422898
2024-04-03,0.0022762706107108954,-0.009582972492887976
2024-04-04,-0.014129794417524266,0.0022762706107108954
2024-04-05,0.01235026692740604,-0.014129794417524266
2024-04-08,3.3477013589866544e-4,0.01235026692740604
2024-04-09,0.0032357962750477753,3.3477013589866544e-4
2024-04-10,-0.00839240673388808,0.0032357962750477753
2024-04-11,0.016671194578158577,-0.00839240673388808
2024-04-12,-0.016378758257586057,0.016671194578158577
2024-04-15,-0.01809589759259289,-0.016378758257586057
2024-04-16,-0.0012453143923973897,-0.01809589759259289
2024-04-17,-0.01153026009777669,-0.0012453143923973897
2024-04-18,-0.005233859291836396,-0.01153026009777669
2024-04-19,-0.02069075922604746,-0.005233859291836396
2024-04-22,0.011017457331085723,-0.02069075922604746
2024-04-23,0.015752892729906876,0.011017457331085723
2024-04-24,0.001025830374649317,0.015752892729906876
2024-04-25,-0.0064480232914316815,0.001025830374649317
2024-04-26,0.020047851617306378,-0.0064480232914316815
2024-04-29,0.003458354565493593,0.020047851617306378
2024-04-30,-0.020560174923435426,0.003458354565493593
2024-05-01,-0.0033483279974841906,-0.020560174923435426
2024-05-02,0.01497682348529139,-0.0033483279974841906
2024-05-03,0.01971294003161539,0.01497682348529139
2024-05-06,0.011870096555387732,0.01971294003161539
2024-05-07,-0.0010213896573016967,0.011870096555387732
2024-05-08,-0.0018262308183913945,-0.0010213896573016967
2024-05-09,0.0026647064055485004,-0.0018262308183913945
2024-05-10,-3.2977190139860113e-4,0.0026647064055485004
2024-05-13,0.002894679980942172,-3.2977190139860113e-4
2024-05-14,0.007473689545831164,0.002894679980942172
2024-05-15,0.01390615571813214,0.007473689545831164
2024-05-16,-0.002635729730487313,0.01390615571813214
2024-05-17,-7.398455718305996e-4,-0.002635729730487313
2024-05-20,0.006505142763929328,-7.398455718305996e-4
2024-05-21,0.002245187957067074,0.006505142763929328
2024-05-22,-0.0018481263472480691,0.002245187957067074
2024-05-23,-0.003906654665016163,-0.0018481263472480691
2024-05-24,0.010979149578957959,-0.003906654665016163
2024-05-28,0.005839135093774317,0.010979149578957959
2024-05-29,-0.0058514859164695565,0.005839135093774317
2024-05-30,-0.010904015150558166,-0.0058514859164695565
2024-05-31,-1.2312026443872526e-4,-0.010904015150558166
2024-06-03,0.005580473135502473,-1.2312026443872526e-4
2024-06-04,0.0016850383781541467,0.005580473135502473
2024-06-05,0.019436657343803176,0.0016850383781541467
2024-06-06,-8.603499612878096e-4,0.019436657343803176
2024-06-07,-0.0023312544717359884,-8.603499612878096e-4
2024-06-10,0.0034608800831570363,-0.0023312544717359884
2024-06-11,0.008745778134118254,0.0034608800831570363
2024-06-12,0.015157577101675201,0.008745778134118254
2024-06-13,0.003351919101024947,0.015157577101675201
2024-06-14,0.0012060215472029512,0.003351919101024947
2024-06-17,0.00946043982898459,0.0012060215472029512
2024-06-18,2.9177194577023613e-4,0.00946043982898459
2024-06-20,-0.007904792464680455,2.9177194577023613e-4
2024-06-21,-0.0018203679009669571,-0.007904792464680455
2024-06-24,-0.010944125561159979,-0.0018203679009669571
2024-06-25,0.01254217192728646,-0.010944125561159979
2024-06-26,0.0049269717853430706,0.01254217192728646
2024-06-27,0.0030013353390927477,0.0049269717853430706
2024-06-28,-0.007084915631505595,0.0030013353390927477
2024-07-01,0.00823893137431142,-0.007084915631505595
2024-07-02,0.008324584798362622,0.00823893137431142
2024-07-03,0.008810325587083057,0.008324584798362622
2024-07-05,0.009001385967033926,0.008810325587083057
2024-07-08,0.0027739584258874572,0.009001385967033926
2024-07-09,0.0013872783591342142,0.0027739584258874572
2024-07-10,0.011768169699070796,0.0013872783591342142
2024-07-11,-0.019715265778534885,0.011768169699070796
2024-07-12,0.006272279628706912,-0.019715265778534885
2024-07-15,0.004020566533787573,0.006272279628706912
2024-07-16,0.001988515098910071,0.004020566533787573
2024-07-17,-0.02807483330321503,0.001988515098910071
2024-07-18,-0.007008990772892076,-0.02807483330321503
2024-07-19,-0.008106151521440452,-0.007008990772892076
2024-07-22,0.01570675688830825,-0.008106151521440452
2024-07-23,-5.677392657297275e-4,0.01570675688830825
2024-07-24,-0.03706954742075652,-5.677392657297275e-4
2024-07-25,-0.009308886828263141,-0.03706954742075652
2024-07-26,0.010200562586433648,-0.009308886828263141
2024-07-29,7.094178465330003e-4,0.010200562586433648
2024-07-30,-0.012908328893791676,7.094178465330003e-4
2024-07-31,0.02601711232800774,-0.012908328893791676
2024-08-01,-0.02329560034310596,0.02601711232800774
2024-08-02,-0.024610392103779688,-0.02329560034310596
2024-08-05,-0.03494265498212279,-0.024610392103779688
2024-08-06,0.010241738511856724,-0.03494265498212279
2024-08-07,-0.010505383553470082,0.010241738511856724
2024-08-08,0.028259268803303428,-0.010505383553470082
2024-08-09,0.005105859454376471,0.028259268803303428
2024-08-12,0.002106347397573316,0.005105859454376471
2024-08-13,0.023964723109008546,0.002106347397573316
2024-08-14,2.902969212499329e-4,0.023964723109008546
2024-08-15,0.02310731724165116,2.902969212499329e-4
2024-08-16,0.0021132392992306848,0.02310731724165116
2024-08-19,0.013802485930622055,0.0021132392992306848
2024-08-20,-0.0033524190038995982,0.013802485930622055
2024-08-21,0.005711397999204948,-0.0033524190038995982
2024-08-22,-0.016863349671451644,0.005711397999204948
2024-08-23,0.014561400117445444,-0.016863349671451644
2024-08-26,-0.00853962138001485,0.014561400117445444
2024-08-27,0.0016375594582722641,-0.00853962138001485
2024-08-28,-0.011259605363532543,0.0016375594582722641
2024-08-29,-0.0022581608104594864,-0.011259605363532543
2024-08-30,0.011194506902238999,-0.0022581608104594864
2024-09-03,-0.03313472053816113,0.011194506902238999
2024-09-04,-0.0030391073008129155,-0.03313472053816113
2024-09-05,0.0025347508314066403,-0.0030391073008129155
2024-09-06,-0.025835238180480502,0.0025347508314066403
2024-09-09,0.011542469261140553,-0.025835238180480502
2024-09-10,0.008332649110933232,0.011542469261140553
2024-09-11,0.021478646377831367,0.008332649110933232
2024-09-12,0.009961435138672314,0.021478646377831367
2024-09-13,0.006484500120562231,0.009961435138672314
2024-09-16,-0.005207479706829332,0.006484500120562231
2024-09-17,0.0020402898751754606,-0.005207479706829332
2024-09-18,-0.003111232505265349,0.0020402898751754606
2024-09-19,0.024767399967171144,-0.003111232505265349
2024-09-20,-0.0036516144843101728,0.024767399967171144
2024-09-23,0.0014447300919240291,-0.0036516144843101728
2024-09-24,0.005561920998893299,0.0014447300919240291
2024-09-25,4.2544811249811687e-4,0.005561920998893299
2024-09-26,0.005959249836374525,4.2544811249811687e-4
2024-09-27,-0.0038942188861774696,0.005959249836374525
2024-09-30,0.0038326929230869666,-0.0038942188861774696
2024-10-01,-0.01544707624998054,0.0038326929230869666
2024-10-02,8.237516043312354e-4,-0.01544707624998054
2024-10-03,-3.704244006321744e-4,8.237516043312354e-4
2024-10-04,0.012168284843376398,-3.704244006321744e-4
2024-10-07,-0.011865853934136084,0.012168284843376398
2024-10-08,0.01434764802689159,-0.011865853934136084
2024-10-09,0.0059602968722796135,0.01434764802689159
2024-10-10,-5.232375976351733e-4,0.0059602968722796135
2024-10-11,0.003324982618787331,-5.232375976351733e-4
2024-10-14,0.00867136785245215,0.003324982618787331
2024-10-15,-0.010163496149683482,0.00867136785245215
2024-10-16,0.0028073348151274047,-0.010163496149683482
2024-10-17,3.5542593462167815e-4,0.0028073348151274047
2024-10-18,0.006290387913853834,3.5542593462167815e-4
2024-10-21,0.0027253369935600347,0.006290387913853834
2024-10-22,0.002142242307664688,0.0027253369935600347
2024-10-23,-0.016449018967183093,0.002142242307664688
2024-10-24,0.007567860802160098,-0.016449018967183093
2024-10-25,0.00558396764287572,0.007567860802160098
2024-10-28,0.0026198764727674018,0.00558396764287572
2024-10-29,0.0078090945813471535,0.0026198764727674018
2024-10-30,-0.005617292557495546,0.0078090945813471535
2024-10-31,-0.0279438490010655,-0.005617292557495546
2024-11-01,0.0079686262370870509,-0.0279438490010655
2024-11-04,-0.0032915799658947975,0.0079686262370870509
2024-11-05,0.014156187609964732,-0.0032915799658947975
2024-11-06,0.02909143550306048,0.014156187609964732
2024-11-07,0.014952870316724542,0.02909143550306048
2024-11-08,8.983428069964106e-4,0.014952870316724542
2024-11-11,6.209823382583579e-4,8.983428069964106e-4
2024-11-12,-8.999120844102038e-4,6.209823382583579e-4
2024-11-13,-0.0026318839531409566,-8.999120844102038e-4
2024-11-14,-0.00642023809200154,-0.0026318839531409566
2024-11-15,-0.022628988109884673,-0.00642023809200154
2024-11-18,0.005961354963734067,-0.022628988109884673
2024-11-19,0.010358159242935372,0.005961354963734067
2024-11-20,-0.0011240079467693675,0.010358159242935372
2024-11-21,3.3102452184863296e-4,-0.0011240079467693675
2024-11-22,0.001644744995116909,3.3102452184863296e-4
2024-11-25,0.0026900428092879736,0.001644744995116909
2024-11-26,0.006249752120298879,0.0026900428092879736
2024-11-27,-0.005953775332228517,0.006249752120298879
2024-11-29,0.008239075492083359,-0.005953775332228517
2024-12-02,0.009620431704490784,0.008239075492083359
2024-12-03,0.003958406394087177,0.009620431704490784
2024-12-04,0.012964726395351178,0.003958406394087177
2024-12-05,-0.001767924389033837,0.012964726395351178
2024-12-06,0.008064232150157835,-0.001767924389033837
2024-12-09,-0.006216741480439936,0.008064232150157835
2024-12-10,-0.002508590344699968,-0.006216741480439936
2024-12-11,0.01750456282243995,-0.002508590344699968
2024-12-12,-0.006612857611765222,0.01750456282243995
2024-12-13,0.0011991526850287926,-0.006612857611765222
2024-12-16,0.012327645085647987,0.0011991526850287926
2024-12-17,-0.0032187380621557793,0.012327645085647987
2024-12-18,-0.03627432423655641,-0.0032187380621557793
2024-12-19,-0.0010277150922579636,-0.03627432423655641
2024-12-20,0.010262161393740143,-0.0010277150922579636
2024-12-23,0.00977605983340979,0.010262161393740143
2024-12-24,0.01338093749345326,0.00977605983340979
2024-12-26,-5.378818401844399e-4,0.01338093749345326
2024-12-27,-0.015013475124037612,-5.378818401844399e-4
2024-12-30,-0.01199949740175299,-0.015013475124037612
