date,price,z_n
2018-01-03,7065.52978515625,0.008332636701785745
2018-01-04,7077.91015625,0.0017506878534643278
2018-01-05,7136.56005859375,0.00825218728355459
2018-01-08,7157.39013671875,0.002914532733845121
2018-01-09,7163.580078125,8.644584408550315e-4
2018-01-10,7153.56982421875,-0.0013983586964876338
2018-01-11,7211.77978515625,0.008104262147179853
2018-01-12,7261.06005859375,0.006810061387406918
2018-01-16,7223.68994140625,-0.005159937189423758
2018-01-17,7298.27978515625,0.010272779947747779
2018-01-18,7296.0498046875,-3.055954673882866e-4
2018-01-19,7336.3798828125,0.005512437935738745
2018-01-22,7408.02978515625,0.009719001025395357
2018-01-23,7460.2900390625,0.007029774680555434
2018-01-24,7415.06005859375,-0.006081217525638394
2018-01-25,7411.16015625,-5.260818168331127e-4
2018-01-26,7505.77001953125,0.012685067344250456
2018-01-29,7466.509765625,-0.005244404252838564
2018-01-30,7402.47998046875,-0.008612579878180426
2018-01-31,7411.47998046875,0.0012150702622424348
2018-02-01,7385.85986328125,-0.0034628038632558145
2018-02-02,7240.9501953125,-0.019814902727970818
2018-02-05,6967.52978515625,-0.038491684997804754
2018-02-06,7115.8798828125,0.02106813455178269
2018-02-07,7051.97998046875,-0.009020464099426917
2018-02-08,6777.16015625,-0.03975026748981847
2018-02-09,6874.490234375,0.01425933487898412
2018-02-12,6981.9599609375,0.01551218097790219
2018-02-13,7013.509765625,0.004508581526369682
2018-02-14,7143.6201171875,0.018381411494061695
2018-02-15,7256.43017578125,0.015668329507535717
2018-02-16,7239.47021484375,-0.0023399676072681785
2018-02-20,7234.31005859375,-7.130350704702693e-4
2018-02-21,7218.22998046875,-0.002225226114822121
2018-02-22,7210.08984375,-0.0011283555786931743
2018-02-23,7337.39013671875,0.017501799981989308
2018-02-26,7421.4599609375,0.011392585865809934
2018-02-27,7330.35009765625,-0.01235252100109463
2018-02-28,7273.009765625,-0.007853073163015978
2018-03-01,7180.56005859375,-0.012792821286838674
2018-03-02,7257.8701171875,0.010709030898665262
2018-03-05,7330.7099609375,0.009985954582790058
2018-03-06,7372.009765625,0.00561799640889582
2018-03-07,7396.64990234375,0.0033368173057493067
2018-03-08,7427.9501953125,0.004222756671200756
2018-03-09,7560.81005859375,0.017728396583814643
2018-03-12,7588.31982421875,0.003631864810273555
2018-03-13,7511.009765625,-0.01024028698970092
2018-03-14,7496.81005859375,-0.001892308334559445
2018-03-15,7481.740234375,-0.0020121879632792883
2018-03-16,7481.990234375,3.341412765323071e-5
2018-03-19,7344.240234375,-0.018582466273707965
2018-03-20,7364.2998046875,0.0027276103129096896
2018-03-21,7345.2900390625,-0.0025846779427443067
2018-03-22,7166.68017578125,-0.024616765349245284
2018-03-23,6992.669921875,-0.024580085067823276
2018-03-26,7220.5400390625,0.032067301372975976
2018-03-27,7008.81005859375,-0.02976181025483804
2018-03-28,6949.22998046875,-0.008537078245364427
2018-03-29,7063.4501953125,0.016302769090529523
2018-04-02,6870.1201171875,-0.02775203796376502
2018-04-03,6941.27978515625,0.010304574212671724
2018-04-04,7042.10986328125,0.014421657157893009
2018-04-05,7076.5498046875,0.004878651447885574
2018-04-06,6915.10986328125,-0.023077620539867283
2018-04-09,6950.33984375,0.005081704095747597
2018-04-10,7094.2998046875,0.020501060422379425
2018-04-11,7069.02978515625,-0.0035683765155933855
2018-04-12,7140.25,0.010024549074824307
2018-04-13,7106.64990234375,-0.004716838074624974
2018-04-16,7156.27978515625,0.00695931119426163
2018-04-17,7281.10009765625,0.01729170024394122
2018-04-18,7295.240234375,0.0019401496990543166
2018-04-19,7238.06005859375,-0.007868890021573094
2018-04-20,7146.1298828125,-0.012782287752646226
2018-04-23,7128.60009765625,-0.002456059623153095
2018-04-24,7007.35009765625,-0.017155263282234046
2018-04-25,7003.740234375,-5.152865730764233e-4
2018-04-26,7118.68017578125,0.01627801411689056
2018-04-27,7119.7998046875,1.5726803845517168e-4
2018-04-30,7066.27001953125,-0.00754684558648222
2018-05-01,7130.7001953125,0.009076671592714192
2018-05-02,7100.89990234375,-0.004187910891095825
2018-05-03,7088.14990234375,-0.001797160994872371
2018-05-04,7209.6201171875,0.01699189975559179
2018-05-07,7265.2099609375,0.0076809353548821235
2018-05-08,7266.89990234375,2.3258032450534927e-4
2018-05-09,7339.91015625,0.009996824993939057
2018-05-10,7404.97021484375,0.008824823149733874
2018-05-11,7402.8798828125,-2.8232755347268323e-4
2018-05-14,7411.31982421875,0.0011394395223920384
2018-05-15,7351.6298828125,-0.008086495972408514
2018-05-16,7398.2998046875,0.006328176283989961
2018-05-17,7382.47021484375,-0.0021419176233390402
2018-05-18,7354.33984375,-0.0038177061586992522
2018-05-21,7394.0400390625,0.005383681667709084
2018-05-22,7378.4599609375,-0.0021093361180177794
2018-05-23,7425.9599609375,0.006417024543699412
2018-05-24,7424.43017578125,-2.0602625891719129e-4
2018-05-25,7433.85009765625,0.001267969504372246
2018-05-29,7396.58984375,-0.005024845176855308
2018-05-30,7462.4501953125,0.008864742632690437
2018-05-31,7442.1201171875,-0.0027280344628621833
2018-06-01,7554.330078125,0.01496514890387779
2018-06-04,7606.4599609375,0.006876961968936612
2018-06-05,7637.85986328125,0.004119560218171614
2018-06-06,7689.240234375,0.006704538135993587
2018-06-07,7635.06982421875,-0.007069895556034211
2018-06-08,7645.509765625,0.0013664328593385733
2018-06-11,7659.93017578125,0.0018843515088011742
2018-06-12,7703.7900390625,0.005709552350184666
2018-06-13,7695.7001953125,-0.0010506639338156987
2018-06-14,7761.0400390625,0.008454594172810914
2018-06-15,7746.3798828125,-0.0018907285275293617
2018-06-18,7747.02978515625,8.389403727981914e-5
2018-06-19,7725.58984375,-0.002771341329731669
2018-06-20,7781.509765625,0.007212201595004686
2018-06-21,7712.9501953125,-0.008849616950286077
2018-06-22,7692.81982421875,-0.002613356232782138
2018-06-25,7532.009765625,-0.021125496113384656
2018-06-26,7561.6298828125,0.003924852573787163
2018-06-27,7445.080078125,-0.015533337880730969
2018-06-28,7503.68017578125,0.007840168258907099
2018-06-29,7510.2998046875,8.81795412514208e-4
2018-07-02,7567.68994140625,0.007612475513036898
2018-07-03,7502.669921875,-0.008628914446621394
2018-07-05,7586.43017578125,0.011102201418500712
2018-07-06,7688.39013671875,0.01335026837691089
2018-07-09,7756.2001953125,0.008781132145536219
2018-07-10,7759.2001953125,3.8671255163968965e-4
2018-07-11,7716.60986328125,-0.005504130561746479
2018-07-12,7823.919921875,0.013810567038781585
2018-07-13,7825.97998046875,2.632679593475018e-4
2018-07-16,7805.72021484375,-0.0025921399100496956
2018-07-17,7855.1201171875,0.006308737607945147
2018-07-18,7854.43994140625,-8.659386757337018e-5
2018-07-19,7825.2998046875,-0.0037169201452833533
2018-07-20,7820.2001953125,-6.518947372207151e-4
2018-07-23,7841.8701171875,0.002767186619701434
2018-07-24,7840.77001953125,-1.4029495651968205e-4
2018-07-25,7932.240234375,0.011598450616720157
2018-07-26,7852.18017578125,-0.010144274299497269
2018-07-27,7737.419921875,-0.014722934030169554
2018-07-30,7630,-0.013980443306998325
2018-07-31,7671.7900390625,0.0054621247390773675
2018-08-01,7707.2900390625,0.004616669251017669
2018-08-02,7802.68994140625,0.012301899239920644
2018-08-03,7812.009765625,0.0011937245672761776
2018-08-06,7859.68017578125,0.0060836524154268545
2018-08-07,7883.66015625,0.0030463673538427827
2018-08-08,7888.330078125,5.921791659879716e-4
2018-08-09,7891.77978515625,4.372221887027905e-4
2018-08-10,7839.10986328125,-0.006696394147988727
2018-08-13,7819.7099609375,-0.002477825594418448
2018-08-14,7870.89013671875,0.006523696605063023
2018-08-15,7774.1201171875,-0.012370877626375787
2018-08-16,7806.52001953125,0.004159001011764474
2018-08-17,7816.330078125,0.0012558604635888315
2018-08-20,7821.009765625,5.985273309221384e-4
2018-08-21,7859.169921875,0.0048673207000913266
2018-08-22,7889.10009765625,0.0038010793287845956
2018-08-23,7878.4599609375,-0.001349623948700085
2018-08-24,7945.97998046875,0.008533689601206262
2018-08-27,8017.89990234375,0.00901039208306642
2018-08-28,8030.0400390625,0.0015129841062382354
2018-08-29,8109.68994140625,0.009870121626434525
2018-08-30,8088.35986328125,-0.0026336615470725633
2018-08-31,8109.5400390625,0.0026151770266693575
2018-09-04,8091.25,-0.002257920359307164
2018-09-05,7995.169921875,-0.011945631299695947
2018-09-06,7922.72998046875,-0.009101758641424595
2018-09-07,7902.5400390625,-0.002551609209268335
2018-09-10,7924.16015625,0.002732108445748338
2018-09-11,7972.47021484375,0.006078043735167071
2018-09-12,7954.22998046875,-0.002290523727589644
2018-09-13,8013.7099609375,0.007449959830898578
2018-09-14,8010.0400390625,-4.580603091248747e-4
2018-09-17,7895.7900390625,-0.014366048722211033
2018-09-18,7956.10986328125,0.007610458775181073
2018-09-19,7950.0400390625,-7.632047416432641e-4
2018-09-20,8028.22998046875,0.009787112803213205
2018-09-21,7986.9599609375,-0.005153870923132686
2018-09-24,7993.25,7.872286287504693e-4
2018-09-25,8007.47021484375,0.0017774473144545055
2018-09-26,7990.3701171875,-0.0021378015799520256
2018-09-27,8041.97021484375,0.0064370235111628205
2018-09-28,8046.35009765625,5.444798258160688e-4
2018-10-01,8037.2998046875,-0.0011254029998060133
2018-10-02,7999.5498046875,-0.004707915911817295
2018-10-03,8025.08984375,0.0031875987539660144
2018-10-04,7879.509765625,-0.018307174985901398
2018-10-05,7788.4501953125,-0.011623797330644337
2018-10-08,7735.9501953125,-0.006763572030761722
2018-10-09,7738.02001953125,2.675233572713154e-4
2018-10-10,7422.0498046875,-0.0416905704170496
2018-10-11,7329.06005859375,-0.012607997468521148
2018-10-12,7496.89013671875,0.02264101055366119
2018-10-15,7430.740234375,-0.008862804571270644
2018-10-16,7645.490234375,0.028490480618550862
2018-10-17,7642.7001953125,-3.649927185698232e-4
2018-10-18,7485.14013671875,-0.02083122940619475
2018-10-19,7449.02978515625,-0.004835946306432248
2018-10-22,7468.6298828125,0.0026277726360603992
2018-10-23,7437.5400390625,-0.004171412105854699
2018-10-24,7108.39990234375,-0.04526298466957357
2018-10-25,7318.33984375,0.029106335357864666
2018-10-26,7167.2099609375,-0.020867052853814627
2018-10-29,7050.2900390625,-0.01644769582460448
2018-10-30,7161.64990234375,0.015671631444623912
2018-10-31,7305.89990234375,0.019941839817301243
2018-11-01,7434.06005859375,0.017389923216891034
2018-11-02,7356.990234375,-0.010421237192341337
2018-11-05,7328.85009765625,-0.0038322861371682393
2018-11-06,7375.9599609375,0.006407430530376956
2018-11-07,7570.75,0.02606607988877485
2018-11-08,7530.8798828125,-0.005280252546507214
2018-11-09,7406.89990234375,-0.016599900279464563
2018-11-12,7200.8701171875,-0.02821011668331863
2018-11-13,7200.8701171875,0
2018-11-14,7136.39013671875,-0.008994802921003853
2018-11-15,7259.02978515625,0.01703911608941233
2018-11-16,7247.8701171875,-0.0015385327320380782
2018-11-19,7028.47998046875,-0.030737185316640492
2018-11-20,6908.81982421875,-0.017171632699518824
2018-11-21,6972.25,0.00913915398161258
2018-11-23,6938.97998046875,-0.004783197892631819
2018-11-26,7081.85009765625,0.020380399958705553
2018-11-27,7082.7001953125,1.2003171857877248e-4
2018-11-28,7291.58984375,0.02906638928964611
2018-11-29,7273.080078125,-0.0025417363646909052
2018-11-30,7330.5400390625,0.007869316922645808
2018-12-03,7441.509765625,0.015024565381903443
2018-12-04,7158.43017578125,-0.03878304600426574
2018-12-06,7188.259765625,0.004158399317292449
2018-12-07,6969.25,-0.03094149209317898
2018-12-10,7020.52001953125,0.007329677184980454
2018-12-11,7031.830078125,0.0016097038512867812
2018-12-12,7098.31005859375,0.0094097397979062691
2018-12-13,7070.330078125,-0.00394956983459771
2018-12-14,6910.66015625,-0.022841996388445196
2018-12-17,6753.72998046875,-0.02297022761457157
2018-12-18,6783.91015625,0.00445871296255973
2018-12-19,6636.830078125,-0.02191920329964958
2018-12-20,6528.41015625,-0.016471005628988067
2018-12-21,6332.990234375,-0.03039093048481334
2018-12-24,6192.919921875,-0.022365824064310758
2018-12-26,6554.35986328125,0.05672376475013685
2018-12-27,6579.490234375,0.0038268141596518035
2018-12-28,6584.52001953125,7.641722095321768e-4
2018-12-31,6635.27978515625,0.007679392400735452
2019-01-02,6665.93994140625,0.004610135188027442
2019-01-03,6463.5,-0.030840003413063144
2019-01-04,6738.85986328125,0.04171978412266952
2019-01-07,6823.47021484375,0.0124774207371523
2019-01-08,6897,0.010718362847466523
2019-01-09,6957.080078125,0.00867332286523137
2019-01-10,6986.06982421875,0.004158283898455295
2019-01-11,6971.47998046875,-0.0020906031886749332
2019-01-14,6905.919921875,-0.009448534565962063
2019-01-15,7023.830078125,0.01692966097108517
2019-01-16,7034.68994140625,0.0015449514495493588
2019-01-17,7084.4599609375,0.007050031484665098
2019-01-18,7157.22998046875,0.01021938451769877
2019-01-22,7020.35986328125,-0.019308552581685845
2019-01-23,7025.77001953125,7.703412345865246e-4
2019-01-24,7073.4599609375,0.006764925935188515
2019-01-25,7164.85986328125,0.012838756110328475
2019-01-28,7085.68017578125,-0.011112631817477236
2019-01-29,7028.2900390625,-0.008132432213352914
2019-01-30,7183.080078125,0.02178483276587606
2019-01-31,7281.740234375,0.013641605511038435
2019-02-01,7263.8701171875,-0.002457116029697559
2019-02-04,7347.5400390625,0.011452807845097723
2019-02-05,7402.080078125,0.007395483708680928
2019-02-06,7375.27978515625,-0.0036272138731501258
2019-02-07,7288.35009765625,-0.011856642123861505
2019-02-08,7298.2001953125,0.0013505728161433694
2019-02-11,7307.89990234375,0.0013281722557412223
2019-02-12,7414.6201171875,0.01449780118562316
2019-02-13,7420.3798828125,7.76510403021291e-4
2019-02-14,7426.9501953125,8.85049755654066e-4
2019-02-15,7472.41015625,0.006102289082795309
2019-02-19,7486.77001953125,0.0019198736191796684
2019-02-20,7489.06982421875,3.071353232382279e-4
2019-02-21,7459.7099609375,-0.003928066565215715
2019-02-22,7527.5400390625,0.009051766169177355
2019-02-25,7554.4599609375,0.0035698117574529675
2019-02-26,7549.2998046875,-6.832942963654887e-4
2019-02-27,7554.509765625,6.898870274927305e-4
2019-02-28,7532.52978515625,-0.0029137586529941473
2019-03-01,7595.35009765625,0.008305284558915105
2019-03-04,7577.56982421875,-0.0023436862077677034
2019-03-05,7576.35986328125,-1.596893960869039e-4
2019-03-06,7505.919921875,-0.009340823081352312
2019-03-07,7421.4599609375,-0.011316234048727836
2019-03-08,7408.14013671875,-0.001796383950066982
2019-03-11,7558.06005859375,0.020035137147738524
2019-03-12,7591.02978515625,0.0043527075166114315
2019-03-13,7643.41015625,0.0068766003485567495
2019-03-14,7630.91015625,-0.0016367344058245692
2019-03-15,7688.52978515625,0.007522455238330394
2019-03-18,7714.47998046875,0.0033694998911961704
2019-03-19,7723.9501953125,0.0012268366568033429
2019-03-20,7728.97021484375,6.497179270468223e-4
2019-03-21,7838.9599609375,0.01413053308968415
2019-03-22,7642.669921875,-0.025359159175433632
2019-03-25,7637.5400390625,-6.714414289259452e-4
2019-03-26,7691.52001953125,0.007042858908224758
2019-03-27,7643.3798828125,-0.00627852743287427
2019-03-28,7669.169921875,0.003368487126893527
2019-03-29,7729.31982421875,0.0078124815189060115
2019-04-01,7828.91015625,0.012802445061177892
2019-04-02,7848.68994140625,0.002523319325419493
2019-04-03,7895.5498046875,0.00595265346648155
2019-04-04,7891.77978515625,-4.7760067102586845e-4
2019-04-05,7938.68994140625,0.00592658264318402
2019-04-08,7953.8798828125,0.0019115783287109167
2019-04-09,7909.27978515625,-0.005623118736618693
2019-04-10,7964.240234375,0.00692482433365349
2019-04-11,7947.35986328125,-0.0021217699443134563
2019-04-12,7984.16015625,0.004619817616289268
2019-04-15,7976.009765625,-0.0010213414234812035
2019-04-16,8000.22998046875,0.0030320317901857408
2019-04-17,7996.080078125,-5.188574642094324e-4
2019-04-18,7998.06005859375,2.4758823693460386e-4
2019-04-22,8015.27001953125,0.00214945517011067
2019-04-23,8120.81982421875,0.013082637882781967
2019-04-24,8102.009765625,-0.0023189625359698596
2019-04-25,8118.68017578125,0.002055450919248969
2019-04-26,8146.39990234375,0.003408498853536557
2019-04-29,8161.85009765625,0.00189477104347624
2019-04-30,8095.39013671875,-0.008176090186001517
2019-05-01,8049.64013671875,-0.005667393827094358
2019-05-02,8036.77001953125,-0.0016001233101157197
2019-05-03,8164,0.01570698133967241
2019-05-06,8123.2900390625,-0.00499899561169137
2019-05-07,7963.759765625,-0.019834028628483935
2019-05-08,7943.31982421875,-0.0025699189521759536
2019-05-09,7910.58984375,-0.004128953381631106
2019-05-10,7916.93994140625,8.024117576344025e-4
2019-05-13,7647.02001953125,-0.03468872811374801
2019-05-14,7734.490234375,0.011373546070426954
2019-05-15,7822.14990234375,0.011269862258100005
2019-05-16,7898.0498046875,0.009656428485820712
2019-05-17,7816.27978515625,-0.01040715826886185
2019-05-20,7702.3798828125,-0.014679353767466097
2019-05-21,7785.72021484375,0.010761957357637186
2019-05-22,7750.83984375,-0.004490109723692015
2019-05-23,7628.27978515625,-0.01593883865966106
2019-05-24,7637.009765625,0.0011437688609081675
2019-05-28,7607.35009765625,-0.003891236583182689
2019-05-29,7547.31005859375,-0.007923681900656732
2019-05-30,7567.72021484375,0.0027006454219229425
2019-05-31,7453.14990234375,-0.015255112850741881
2019-06-03,7333.02001953125,-0.016249309549946744
2019-06-04,7527.1201171875,0.026125074932524583
2019-06-05,7575.47998046875,0.006404199045652703
2019-06-06,7615.5498046875,0.005275470816130223
2019-06-07,7742.10009765625,0.01648079728231444
2019-06-10,7823.169921875,0.010416852029555557
2019-06-11,7822.56982421875,-7.671067859860159e-5
2019-06-12,7792.72021484375,-0.003823130490431481
2019-06-13,7837.1298828125,0.005682688855127793
2019-06-14,7796.66015625,-0.005177224058407148
2019-06-17,7845.02001953125,0.006183481163924753
2019-06-18,7953.8798828125,0.013780907123610575
2019-06-19,7987.31982421875,0.004195417041414018
2019-06-20,8051.33984375,0.007983255567301839
2019-06-21,8031.7099609375,-0.002441065941900078
2019-06-24,8005.7001953125,-0.0032436394874331143
2019-06-25,7884.72021484375,-0.015227075799195688
2019-06-26,7909.97021484375,0.003197279696294686
2019-06-27,7967.759765625,0.007279353665325061
2019-06-28,8006.240234375,0.004817896980648939
2019-07-01,8091.16015625,0.010550860088116565
2019-07-02,8109.08984375,0.0022135084113799053
2019-07-03,8170.22998046875,0.007511422448441607
2019-07-05,8161.7900390625,-0.0010335454092604834
2019-07-08,8098.3798828125,-0.007799485245406856
2019-07-09,8141.72998046875,0.005338658541381491
2019-07-10,8202.5302734375,0.0074399908570796924
2019-07-11,8196.0400390625,-7.915610434565679e-4
2019-07-12,8244.1396484375,0.00585148672739777
2019-07-15,8258.1904296875,0.0017028849355060771
2019-07-16,8222.7998046875,-0.0042947273063198566
2019-07-17,8185.2099609375,-0.004581897506117372
2019-07-18,8207.240234375,0.002687857695255147
2019-07-19,8146.490234375,-0.007429531696807601
2019-07-22,8204.1396484375,0.007051673649948853
2019-07-23,8251.400390625,0.0057440682007285915
2019-07-24,8321.5,0.00845959678481023
2019-07-25,8238.5400390625,-0.010019378546871849
2019-07-26,8330.2099609375,0.01106551275798573
2019-07-29,8293.330078125,-0.004437074562011034
2019-07-30,8273.6103515625,-0.0023806128789249925
2019-07-31,8175.419921875,-0.011938891760509662
2019-08-01,8111.1201171875,-0.007896107904572958
2019-08-02,8004.06982421875,-0.013285833800793512
2019-08-05,7726.0400390625,-0.03535369373898156
2019-08-06,7833.27001953125,0.013783603226341867
2019-08-07,7862.830078125,0.0037665526286154716
2019-08-08,8039.16015625,0.022178017091956548
2019-08-09,7959.14013671875,-0.010003648560777734
2019-08-12,7863.41015625,-0.01210059652762041
2019-08-13,8016.35986328125,0.01926406199027042
2019-08-14,7773.93994140625,-0.030707329630178748
2019-08-15,7766.6201171875,-9.420284381604915e-4
2019-08-16,7895.990234375,0.01651998695872159
2019-08-19,8002.81005859375,0.013437671978509869
2019-08-20,7948.56005859375,-0.0068019497716527155
2019-08-21,8020.2099609375,0.008973813647768836
2019-08-22,7991.39013671875,-0.0035998719885785846
2019-08-23,7751.77001953125,-0.03044352230992864
2019-08-26,7853.740234375,0.01306867439432935
2019-08-27,7826.9501953125,-0.00341694968704509
2019-08-28,7856.8798828125,0.0038166345442789407
2019-08-29,7973.39013671875,0.01472019840254113
2019-08-30,7962.8798828125,-0.001319035811670588
2019-09-03,7874.16015625,-0.011204196548563417
2019-09-04,7976.8798828125,0.012960810676482026
2019-09-05,8116.830078125,0.017392350610764495
2019-09-06,8103.06982421875,-0.0016967129625005128
2019-09-09,8087.43994140625,-0.0019307468256606342
2019-09-10,8084.16015625,-4.056228426883024e-4
2019-09-11,8169.68017578125,0.01052315107895474
2019-09-12,8194.4697265625,0.0030297412198994067
2019-09-13,8176.7099609375,-0.0021696387103151693
2019-09-16,8153.5400390625,-0.0028376708773887316
2019-09-17,8186.02001953125,0.003975630082184267
2019-09-18,8177.39013671875,-0.0010547781336782691
2019-09-19,8182.8798828125,6.711070530300844e-4
2019-09-20,8117.669921875,-0.008000995008321965
2019-09-23,8112.4599609375,-6.420110195133333e-4
2019-09-24,7993.6298828125,-0.014756186696056162
2019-09-25,8077.3798828125,0.010422588172032121
2019-09-26,8030.66015625,-0.005800812197731986
2019-09-27,7939.6298828125,-0.011400075901400797
2019-09-30,7999.33984375,0.0074923588264486085
2019-10-01,7908.68017578125,-0.011398106033725597
2019-10-02,7785.25,-0.0157299949016938
2019-10-03,7872.259765625,0.011114240079301396
2019-10-04,7982.47021484375,0.01390275640553007
2019-10-07,7956.2900390625,-0.003285098578386325
2019-10-08,7823.77978515625,-0.016795029447266074
2019-10-09,7903.740234375,0.010168308553941685
2019-10-10,7950.77978515625,0.005933915217918084
2019-10-11,8057.0400390625,0.013276238218729475
2019-10-14,8048.64990234375,-0.001041884887669653
2019-10-15,8148.7099609375,0.012355264352185813
2019-10-16,8124.18017578125,-0.003014806039926654
2019-10-17,8156.85009765625,0.004013255325414633
2019-10-18,8089.5400390625,-0.008286203046843355
2019-10-21,8162.990234375,0.009038678179388526
2019-10-22,8104.2998046875,-0.007215791223046608
2019-10-23,8119.7900390625,0.0019095356634544203
2019-10-24,8185.7998046875,0.008096625373861244
2019-10-25,8243.1201171875,0.0069780052933214876
2019-10-28,8325.990234375,0.010003048616786359
2019-10-29,8276.849609375,-0.005919561828937603
2019-10-30,8303.98046875,0.0032725603556240657
2019-10-31,8292.3603515625,-0.0014003230244714615
2019-11-01,8386.400390625,0.011276741367460374
2019-11-04,8433.2001953125,0.005564927089039884
2019-11-05,8434.6796875,1.7542123865865733e-4
2019-11-06,8410.6298828125,-0.00285537299593841
2019-11-07,8434.51953125,0.0028363849873276337
2019-11-08,8475.3095703125,0.004824427016203003
2019-11-11,8464.2802734375,-0.00130219191081693
2019-11-12,8486.08984375,0.002573345855832798
2019-11-13,8482.099609375,-4.703194126367549e-4
2019-11-14,8479.01953125,-3.631927979892424e-4
2019-11-15,8540.830078125,0.007263380116359741
2019-11-18,8549.9404296875,0.0010661137157317313
2019-11-19,8570.66015625,0.0024204450742413286
2019-11-20,8526.73046875,-0.005138770603570819
2019-11-21,8506.2099609375,-0.002409509717393732
2019-11-22,8519.8798828125,0.0016057620907368175
2019-11-25,8632.490234375,0.013130776538302413
2019-11-26,8647.9296875,0.0017869307925533207
2019-11-27,8705.1796875,0.006598265068344489
2019-11-29,8665.4697265625,-0.004572083537638605
2019-12-02,8567.990234375,-0.011312937975990423
2019-12-03,8520.6396484375,-0.005541779235127109
2019-12-04,8566.669921875,0.005387669087557612
2019-12-05,8570.7001953125,4.70349124077174e-4
2019-12-06,8656.5302734375,0.009964548679818108
2019-12-09,8621.830078125,-0.004016612833449784
2019-12-10,8616.1796875,-6.555734570508065e-4
2019-12-11,8654.0498046875,0.004385602160358104
2019-12-12,8717.3203125,0.007284490188919079
2019-12-13,8734.8798828125,0.0020123051582512375
2019-12-16,8814.23046875,0.009043321870159104
2019-12-17,8823.3603515625,0.0010352755907483413
2019-12-18,8827.740234375,4.962730659290315e-4
2019-12-19,8887.2197265625,0.006715196176768856
2019-12-20,8924.9599609375,0.00423758254324369
2019-12-23,8945.650390625,0.002315582794935267
2019-12-24,8952.8798828125,8.078308632288866e-4
2019-12-26,9022.3896484375,0.0077339716077222675
2019-12-27,9006.6201171875,-0.0017493512374269216
2019-12-30,8945.990234375,-0.00675446212373032
2019-12-31,8972.599609375,0.0029700322170818083
2020-01-02,9092.1904296875,0.01324040491522993
2020-01-03,9020.76953125,-0.007886206201893842
2020-01-06,9071.4697265625,0.005604649298138753
2020-01-07,9068.580078125,-3.1859322251648337e-4
2020-01-08,9129.240234375,0.006666774358979666
2020-01-09,9203.4296875,0.008093731948919825
2020-01-10,9178.8603515625,-0.002673154489002627
2020-01-13,9273.9296875,0.010304152044723125
2020-01-14,9251.330078125,-0.0024398708436095262
2020-01-15,9258.7001953125,7.963377118347381e-4
2020-01-16,9357.1298828125,0.01057493588648839
2020-01-17,9388.9404296875,0.0033938395490800133
2020-01-21,9370.8095703125,-0.0019329537995123047
2020-01-22,9383.76953125,0.0013820585287671605
2020-01-23,9402.48046875,0.0019919828264907125
2020-01-24,9314.91015625,-0.009357175174791621
2020-01-27,9139.3095703125,-0.01903151568560979
2020-01-28,9269.6796875,0.014163982053327473
2020-01-29,9275.16015625,5.910505516055764e-4
2020-01-30,9298.9296875,0.0025594303059275347
2020-01-31,9150.9404296875,-0.01604265296373164
2020-02-03,9273.400390625,0.013293475790295162
2020-02-04,9467.9697265625,0.020764365201518586
2020-02-05,9508.6796875,0.004290538598331395
2020-02-06,9572.150390625,0.006652848641085285
2020-02-07,9520.509765625,-0.005409487259015577
2020-02-10,9628.3896484375,0.011267595263293018
2020-02-11,9638.9404296875,0.0010951992063059635
2020-02-12,9725.9599609375,0.008987406620539318
2020-02-13,9711.9697265625,-0.0014394780736086688
2020-02-14,9731.1796875,0.001976013944968713
2020-02-18,9732.740234375,1.6035278449599843e-4
2020-02-19,9817.1796875,0.008638396325689968
2020-02-20,9750.9697265625,-0.006767141052089087
2020-02-21,9576.58984375,-0.018045176792515605
2020-02-24,9221.2802734375,-0.037807676187139094
2020-02-25,8965.6103515625,-0.028117699877270752
2020-02-26,8980.7802734375,0.0016905823354722571
2020-02-27,8566.48046875,-0.047229800845702385
2020-02-28,8567.3701171875,1.0384687713127505e-4
2020-03-02,8952.169921875,0.04393513756355816
2020-03-03,8684.08984375,-0.030403354414897166
2020-03-04,9018.08984375,0.03773994480545184
2020-03-05,8738.58984375,-0.031483711121500946
2020-03-06,8575.6201171875,-0.01882552423078465
2020-03-09,7950.68017578125,-0.07566582560192359
2020-03-10,8344.25,0.04831519719020072
2020-03-11,7952.0498046875,-0.04814294639913186
2020-03-12,7201.7998046875,-0.09909876484232605
2020-03-13,7874.8798828125,0.08934696396191733
2020-03-16,6904.58984375,-0.13149154641354954
2020-03-17,7334.77978515625,0.06044100346504777
2020-03-18,6989.83984375,-0.04816974488343995
2020-03-19,7150.580078125,0.022735839435526373
2020-03-20,6879.52001953125,-0.03864459831418898
2020-03-23,6860.669921875,-0.0027437916888413127
2020-03-24,7417.85986328125,0.07808549422695243
2020-03-25,7384.2998046875,-0.004534489135442854
2020-03-26,7797.5400390625,0.0544522060343251
2020-03-27,7502.3798828125,-0.03858801642958554
2020-03-30,7774.14990234375,0.03558382685242378
2020-03-31,7700.10009765625,-0.00957078629764574
2020-04-01,7360.580078125,-0.04509458387307497
2020-04-02,7487.31005859375,0.017070850721614406
2020-04-03,7373.080078125,-0.015374055374563156
2020-04-06,7913.240234375,0.07070179567744006
2020-04-07,7887.259765625,-0.0032885658256596173
2020-04-08,8090.89990234375,0.025491191471228802
2020-04-09,8153.580078125,0.007717142922286868
2020-04-13,8192.419921875,0.004752222787878679
2020-04-14,8515.740234375,0.03870691634419465
2020-04-15,8393.1796875,-0.014496809240533537
2020-04-16,8532.3603515625,0.016446600933642586
2020-04-17,8650.1396484375,0.013709430126290556
2020-04-20,8560.73046875,-0.010389943494343967
2020-04-21,8263.23046875,-0.035369912661506575
2020-04-22,8495.3798828125,0.027706863538933035
2020-04-23,8494.75,-7.41469096627867e-5
2020-04-24,8634.51953125,0.016319742426379236
2020-04-27,8730.16015625,0.011015647145939056
2020-04-28,8607.73046875,-0.014123023973882098
2020-04-29,8914.7099609375,0.03504202574609039
2020-04-30,8889.5498046875,-0.0028263093584950383
2020-05-01,8604.9501953125,-0.03253876583189097
2020-05-04,8710.7099609375,0.012215656788141516
2020-05-05,8809.1201171875,0.011234263212246631
2020-05-06,8854.3896484375,0.005125779753495152
2020-05-07,8979.66015625,0.01404869555944721
2020-05-08,9121.3203125,0.015652527632974866
2020-05-11,9192.33984375,0.007755946834985039
2020-05-12,9002.5498046875,-0.020862662707353152
2020-05-13,8863.169921875,-0.015603369220992036
2020-05-14,8943.7197265625,0.009047099824165628
2020-05-15,9014.5595703125,0.007889420809050307
2020-05-18,9234.830078125,0.024141213456802646
2020-05-19,9185.099609375,-0.0053996503160469445
2020-05-20,9375.7802734375,0.02054723416380355
2020-05-21,9284.8798828125,-0.009742539531041317
2020-05-22,9324.58984375,0.0042677219493345575
2020-05-26,9340.2197265625,0.0016747973138464545
2020-05-27,9412.3603515625,0.007693979236641724
2020-05-28,9368.990234375,-0.004618431893819164
2020-05-29,9489.8701171875,0.012819601611818499
2020-06-01,9552.0498046875,0.006530844448660034
2020-06-02,9608.3798828125,0.005879851478663767
2020-06-03,9682.91015625,0.00772686990889504
2020-06-04,9615.8095703125,-0.006953917906104223
2020-06-05,9814.080078125,0.02040952303844179
2020-06-08,9924.75,0.011213540124009214
2020-06-09,9953.75,0.002917727250386193
2020-06-10,10020.349609375,0.006668621613707515
2020-06-11,9492.73046875,-0.05409169433805516
2020-06-12,9588.8095703125,0.010070456928083615
2020-06-15,9726.01953125,0.014207971334585068
2020-06-16,9895.8701171875,0.017312790097266273
2020-06-17,9910.5302734375,0.0014803456093055445
2020-06-18,9943.0498046875,0.0032759391711447705
2020-06-19,9946.1201171875,3.087421482597108e-4
2020-06-22,10056.48046875,0.011034712303594318
2020-06-23,10131.3701171875,0.007419313081497236
2020-06-24,9909.169921875,-0.02217597937272231
2020-06-25,10017,0.010823066463442998
2020-06-26,9757.2197265625,-0.026276153867817342
2020-06-29,9874.150390625,0.011912774931627013
2020-06-30,10058.76953125,0.018524573500293684
2020-07-01,10154.6298828125,0.009484903380965193
2020-07-02,10207.6298828125,0.005205720808945102
2020-07-06,10433.650390625,0.02190072891041872
2020-07-07,10343.8896484375,-0.00864022405257181
2020-07-08,10492.5,0.01426474298412117
2020-07-09,10547.75,0.005251850808974723
2020-07-10,10617.4404296875,0.006585405576910119
2020-07-13,10390.83984375,-0.02157333883734225
2020-07-14,10488.580078125,0.009362419903483854
2020-07-15,10550.490234375,0.005885272878119352
2020-07-16,10473.830078125,-0.007292554037523047
2020-07-17,10503.1904296875,0.002799288938476252
2020-07-20,10767.08984375,0.024815183704461674
2020-07-21,10680.3603515625,-0.008087671415323072
2020-07-22,10706.1298828125,0.002409889929493758
2020-07-23,10461.419921875,-0.023122266462264562
2020-07-24,10363.1796875,-0.009435087829080757
2020-07-27,10536.26953125,0.016564436663143667
2020-07-28,10402.08984375,-0.012816813572435137
2020-07-29,10542.9404296875,0.013449749880063422
2020-07-30,10587.8095703125,0.0042468164226292515
2020-07-31,10745.26953125,0.014762315344023946
2020-08-03,10902.7998046875,0.014554004945440013
2020-08-04,10941.169921875,0.003513112051638956
2020-08-05,10998.400390625,0.0052171120714064045
2020-08-06,11108.0703125,0.009922056131983936
2020-08-07,11010.98046875,-0.008778899986396027
2020-08-10,10968.3603515625,-0.0038782028046036032
2020-08-11,10782.8203125,-0.01706064073159297
2020-08-12,11012.240234375,0.021053246932806857
2020-08-13,11042.5,0.0027440617564398195
2020-08-14,11019.2998046875,-0.002103201377037678
2020-08-17,11129.73046875,0.009971685238514993
2020-08-18,11210.83984375,0.007261205084748923
2020-08-19,11146.4599609375,-0.005759198232592411
2020-08-20,11264.9501953125,0.01057419748384092
2020-08-21,11311.7998046875,0.004150258706173915
2020-08-24,11379.7197265625,0.00598638840538257
2020-08-25,11466.4697265625,0.007594300757091332
2020-08-26,11665.0595703125,0.017170911662010013
2020-08-27,11625.33984375,-0.0034108272995911904
2020-08-28,11695.6298828125,0.006028072823257347
2020-08-31,11775.4599609375,0.006802443899218247
2020-09-01,11939.669921875,0.013848761208684834
2020-09-02,12056.4404296875,0.00973252980000261
2020-09-03,11458.099609375,-0.050902123264931376
2020-09-04,11313.1298828125,-0.012732881658742201
2020-09-08,10847.6904296875,-0.042011794020055504
2020-09-09,11141.5595703125,0.0267300283309595
2020-09-10,10919.58984375,-0.0201238125202714
2020-09-11,10853.5498046875,-0.006066212098540191
2020-09-14,11056.650390625,0.018539894816271385
2020-09-15,11190.3203125,0.012017054569504637
2020-09-16,11050.4697265625,-0.01257621055099456
2020-09-17,10910.2802734375,-0.01276744714546929
2020-09-18,10793.2802734375,-0.01078174552456268
2020-09-21,10778.7998046875,-0.0013425196710254994
2020-09-22,10963.6396484375,0.017003087193005584
2020-09-23,10632.990234375,-0.03062285686099564
2020-09-24,10672.26953125,0.003687290538664456
2020-09-25,10913.5595703125,0.022357268606905123
2020-09-28,11117.5302734375,0.018517153054661506
2020-09-29,11085.25,-0.0029077706291236183
2020-09-30,11167.509765625,0.007393252898568292
2020-10-01,11326.509765625,0.014137326409649376
2020-10-02,11075.01953125,-0.02245389564806466
2020-10-05,11332.490234375,0.022981762622677593
2020-10-06,11154.599609375,-0.015821908233435877
2020-10-07,11364.599609375,0.018651292673624198
2020-10-08,11420.98046875,0.0049488294131521116
2020-10-09,11579.9404296875,0.013822271940789221
2020-10-12,11876.259765625,0.02526710192988091
2020-10-13,11863.900390625,-0.0010412209551464713
2020-10-14,11768.73046875,-0.00805415502902207
2020-10-15,11713.8701171875,-0.0046724340576602685
2020-10-16,11671.5595703125,-0.0036185431362802944
2020-10-19,11478.8798828125,-0.016646261694777564
2020-10-20,11516.490234375,0.003271126744866848
2020-10-21,11484.6904296875,-0.0027650602299544857
2020-10-22,11506.009765625,0.0018546057203270294
2020-10-23,11548.2802734375,0.0036670446246009902
2020-10-26,11358.9404296875,-0.01653139489895672
2020-10-27,11431.349609375,0.006354409988746923
2020-10-28,11004.8701171875,-0.0380216341521038
2020-10-29,11185.58984375,0.016288416054749177
2020-10-30,10911.58984375,-0.02480081603794737
2020-11-02,10957.6103515625,0.00420871136873302
2020-11-03,11160.5703125,0.018352834787521033
2020-11-04,11590.7802734375,0.03782291915609193
2020-11-05,11890.9296875,0.02556592027829474
2020-11-06,11895.23046875,3.6162047750565307e-4
2020-11-09,11713.7802734375,-0.015371568941356273
2020-11-10,11553.8603515625,-0.013746339190529255
2020-11-11,11786.4296875,0.019929232502628125
2020-11-12,11709.58984375,-0.00654069235734589
2020-11-13,11829.2900390625,0.010170511741888433
2020-11-16,11924.1298828125,0.007985405725161598
2020-11-17,11899.33984375,-0.0020811450468389836
2020-11-18,11801.599609375,-0.008247840862843248
2020-11-19,11904.7099609375,0.00869903444735165
2020-11-20,11854.9697265625,-0.004186950976924564
2020-11-23,11880.6298828125,0.002162167096598111
2020-11-24,12036.7900390625,0.01305846331541538
2020-11-25,12094.400390625,0.004774771570636105
2020-11-27,12205.849609375,0.00917274515173716
2020-11-30,12198.740234375,-5.826260753920565e-4
2020-12-01,12355.1103515625,0.012737084203665816
2020-12-02,12349.3701171875,-4.6471201736686396e-4
2020-12-03,12377.1796875,0.0022493701917785103
2020-12-04,12464.23046875,0.007008550402607838
2020-12-07,12519.9501953125,0.004460407943046363
2020-12-08,12582.76953125,0.005004992905696781
2020-12-09,12338.9501953125,-0.01956743901466318
2020-12-10,12405.8095703125,0.005403935082687994
2020-12-11,12377.8701171875,-0.002254666402501826
2020-12-14,12440.0400390625,0.0050100956549332665
2020-12-15,12595.0595703125,0.012384333592816432
2020-12-16,12658.1904296875,0.004999830983233977
2020-12-17,12764.75,0.008382995243408686
2020-12-18,12755.6396484375,-7.139665244135784e-4
2020-12-21,12742.51953125,-0.0010291031797979855
2020-12-22,12807.919921875,0.005119327483718905
2020-12-23,12771.1103515625,-0.002878107209566494
2020-12-24,12804.73046875,0.002629054253871388
2020-12-28,12899.419921875,0.007367672536775061
2020-12-29,12850.2197265625,-0.003821432521633028
2020-12-30,12870,0.0015381110696122136
2020-12-31,12888.2802734375,0.0014193708828713625
2021-01-04,12698.4501953125,-0.014838438338012239
2021-01-05,12818.9599609375,0.009445367756788059
2021-01-06,12740.7900390625,-0.006116661203076745
2021-01-07,13067.48046875,0.025318076254018607
2021-01-08,13201.98046875,0.010240116888862616
2021-01-11,13036.4296875,-0.012619131811073103
2021-01-12,13072.4296875,0.00275768636978313
2021-01-13,13128.9501953125,0.004314322049834729
2021-01-14,13112.6396484375,-0.0012431067684950392
2021-01-15,12998.5,-0.008742657500700801
2021-01-19,13197.1796875,0.015169180537053961
2021-01-20,13457.25,0.019514847552859038
2021-01-21,13530.91015625,0.005458715135175041
2021-01-22,13543.0595703125,8.974978550053692e-4
2021-01-25,13635.990234375,0.006838430841540344
2021-01-26,13626.0595703125,-7.285339563889437e-4
2021-01-27,13270.599609375,-0.02643307149733154
2021-01-28,13337.16015625,0.0050031033278443715
2021-01-29,13070.6904296875,-0.020181784212885745
2021-02-01,13403.3896484375,0.025135282035085638
2021-02-02,13612.7802734375,0.01550144365722339
2021-02-03,13610.5400390625,-1.6458200942004453e-4
2021-02-04,13777.740234375,0.012209767886114165
2021-02-05,13856.2998046875,0.005685725419617427
2021-02-08,13987.6396484375,0.00943406863038021
2021-02-09,14007.7001953125,0.0014331349732099596
2021-02-10,13972.5302734375,-0.0025139135602483265
2021-02-11,14025.76953125,0.0038030396381909526
2021-02-12,14095.4697265625,0.004957131327172348
2021-02-16,14047.5,-0.0034090057648175076
2021-02-17,13965.490234375,-0.005855140720896657
2021-02-18,13865.3603515625,-0.007195634537985995
2021-02-19,13874.4599609375,6.560683954610624e-4
2021-02-22,13533.0498046875,-0.024914909813228192
2021-02-23,13465.2001953125,-0.0050262333458981345
2021-02-24,13597.9697265625,0.009811902804671035
2021-02-25,13119.4296875,-0.035826183155746705
2021-02-26,13192.349609375,0.005542772895843484
2021-03-01,13588.830078125,0.029611050964401642
2021-03-02,13358.7900390625,-0.017073539422115758
2021-03-03,12997.75,-0.027398332509800838
2021-03-04,12723.4697265625,-0.021327967598413267
2021-03-05,12920.150390625,0.015339840467456511
2021-03-08,12609.16015625,-0.02436459207672037
2021-03-09,13073.8203125,0.03618823486386091
2021-03-10,13068.830078125,-3.817695880901084e-4
2021-03-11,13398.669921875,0.024925430841728158
2021-03-12,13319.8603515625,-0.0058992615283877115
2021-03-15,13459.7099609375,0.010444594822478948
2021-03-16,13471.5703125,8.807863724875631e-4
2021-03-17,13525.2001953125,0.00397306435921152
2021-03-18,13116.169921875,-0.030708812283835485
2021-03-19,13215.240234375,0.007524912596325706
2021-03-22,13377.5400390625,0.0122064574071441
2021-03-23,13227.7001953125,-0.011264053751787628
2021-03-24,12961.8896484375,-0.020299643960346003
2021-03-25,12977.6796875,0.0012174482011104715
2021-03-26,13138.73046875,0.012333457913266344
2021-03-29,13059.650390625,-0.006037038603846412
2021-03-30,13045.3896484375,-0.0010925663078662495
2021-03-31,13246.8701171875,0.01532651925301387
2021-04-01,13480.1103515625,0.017453984810634537
2021-04-05,13705.58984375,0.01658847564108079
2021-04-06,13698.3798828125,-5.261982972406543e-4
2021-04-07,13688.83984375,-6.966781983432924e-4
2021-04-08,13829.3095703125,0.010209330907285263
2021-04-09,13900.1904296875,0.00511231819919189
2021-04-12,13850,-0.0036173073869729677
2021-04-13,13996.099609375,0.010493458835551195
2021-04-14,13857.83984375,-0.009927565283152973
2021-04-15,14038.759765625,0.012970932728389784
2021-04-16,14052.33984375,9.668599215935103e-4
2021-04-19,13914.76953125,-0.009838086607324215
2021-04-20,13786.26953125,-0.009277696871631491
2021-04-21,13950.2197265625,0.01182212379462122
2021-04-22,13818.41015625,-0.009493486774555748
2021-04-23,14016.8095703125,0.01425552058809032
2021-04-26,14138.7802734375,0.00866410306412213
2021-04-27,14090.2197265625,-0.003440475735974502
2021-04-28,14051.0302734375,-0.0027851981314821472
2021-04-29,14082.5498046875,0.002240706255667746
2021-04-30,13962.6796875,-0.008548394812002869
2021-05-03,13895.1201171875,-0.004850325814295786
2021-05-04,13633.5,-0.019007708546165958
2021-05-05,13582.419921875,-0.003753695502419774
2021-05-06,13632.83984375,0.003705272703180995
2021-05-07,13752.240234375,0.008720160532364574
2021-05-10,13401.8603515625,-0.02580820745119894
2021-05-11,13389.4296875,-9.279631504419683e-4
2021-05-12,13031.6796875,-0.027082274299722542
2021-05-13,13124.990234375,0.007134772353232677
2021-05-14,13429.98046875,0.02297149180422231
2021-05-17,13379.0498046875,-0.0037995201478100427
2021-05-18,13303.6396484375,-0.005652380518700539
2021-05-19,13299.740234375,-2.931517805340178e-4
2021-05-20,13535.740234375,0.01758910816986692
2021-05-21,13470.990234375,-0.004795110177569839
2021-05-24,13661.169921875,0.014018994514065852
2021-05-25,13657.169921875,-2.928435660045636e-4
2021-05-26,13738,0.005901063064362333
2021-05-27,13736.2802734375,-1.2518810666861668e-4
2021-05-28,13748.740234375,9.066729120696948e-4
2021-06-01,13736.48046875,-8.920988170686428e-4
2021-06-02,13756.330078125,0.0014439857132959588
2021-06-03,13614.509765625,-0.010362968947553952
2021-06-04,13814.490234375,0.01458193971884647
2021-06-07,13881.7197265625,0.004854788747373107
2021-06-08,13924.91015625,0.003106486805684483
2021-06-09,13911.75,-9.455270249087988e-4
2021-06-10,14020.330078125,0.007774617912078341
2021-06-11,14069.419921875,0.003495217559834174
2021-06-14,14174.1396484375,0.0074155105115369935
2021-06-15,14072.8603515625,-0.007171007957287756
2021-06-16,14039.6796875,-0.0023605607621330904
2021-06-17,14161.349609375,0.008628811063481123
2021-06-18,14030.3798828125,-0.009291424906852086
2021-06-21,14141.48046875,0.00788738553452184
2021-06-22,14253.26953125,0.00787396543868013
2021-06-23,14271.73046875,0.0012943691552997905
2021-06-24,14369.7099609375,0.006841825894486675
2021-06-25,14360.3896484375,-6.488186921522754e-4
2021-06-28,14500.509765625,0.009710107514308675
2021-06-29,14528.330078125,0.001916736677532782
2021-06-30,14503.9501953125,-0.0016795021482050032
2021-07-01,14522.3798828125,0.0012698601529681497
2021-07-02,14639.330078125,0.008020848054384189
2021-07-06,14663.6396484375,0.0016591885475207846
2021-07-07,14665.0595703125,9.682815221623287e-5
2021-07-08,14559.7802734375,-0.0072048129503734515
2021-07-09,14701.919921875,0.009715140642013509
2021-07-12,14733.240234375,0.00212808927513386
2021-07-13,14677.650390625,-0.003780226220111871
2021-07-14,14644.9501953125,-0.002230375765782
2021-07-15,14543.1298828125,-0.006976870369710397
2021-07-16,14427.240234375,-0.008000606560420565
2021-07-19,14274.98046875,-0.010609715218251381
2021-07-20,14498.8798828125,0.015563009653950743
2021-07-21,14631.9501953125,0.009136110281803056
2021-07-22,14684.599609375,0.0035917917364507446
2021-07-23,14836.990234375,0.01032410377471571
2021-07-26,14840.7099609375,2.5067485401564227e-4
2021-07-27,14660.580078125,-0.012211813185677656
2021-07-28,14762.580078125,0.006933341494482548
2021-07-29,14778.259765625,0.0010615601354206916
2021-07-30,14672.6796875,-0.007169926147607697
2021-08-02,14681.0703125,5.716901744090563e-4
2021-08-03,14761.2900390625,0.005449286274133769
2021-08-04,14780.5302734375,0.001302576272680156
2021-08-05,14895.1201171875,0.007722857748811762
2021-08-06,14835.759765625,-0.0039931835636259905
2021-08-09,14860.1796875,0.0016446644106373753
2021-08-10,14788.08984375,-0.004863014736459448
2021-08-11,14765.1396484375,-0.0015531432821607183
2021-08-12,14816.259765625,0.0034562373037339
2021-08-13,14822.900390625,4.480980618950525e-4
2021-08-16,14793.759765625,-0.0019678541908536573
2021-08-17,14656.1796875,-0.009343386204552218
2021-08-18,14525.91015625,-0.008928106059121532
2021-08-19,14541.7900390625,0.0010926137455378182
2021-08-20,14714.66015625,0.011817710482578292
2021-08-23,14942.650390625,0.015375279925669005
2021-08-24,15019.7998046875,0.005149751376094969
2021-08-25,15041.8603515625,0.001467686795765033
2021-08-26,14945.8095703125,-0.006406040214026021
2021-08-27,15129.5,0.0122155160813886
2021-08-30,15265.8896484375,0.008974424438640938
2021-08-31,15259.240234375,-4.356681981825261e-4
2021-09-01,15309.3798828125,0.0032804682193674495
2021-09-02,15331.1796875,0.0014229380057990682
2021-09-03,15363.51953125,0.002107194827745573
2021-09-07,15374.330078125,7.034029678791853e-4
2021-09-08,15286.6396484375,-0.0057200192663113825
2021-09-09,15248.25,-0.0025144789522002498
2021-09-10,15115.490234375,-0.008744681031034318
2021-09-13,15105.580078125,-6.558441843882434e-4
2021-09-14,15037.759765625,-0.0044998614812588045
2021-09-15,15161.5302734375,0.008196960965973332
2021-09-16,15181.919921875,0.0013439243972008796
2021-09-17,15043.9697265625,-0.009128012757075865
2021-09-20,14713.900390625,-0.0221845764931885
2021-09-21,14746.400390625,0.002206359902809041
2021-09-22,14896.849609375,0.01015074329399468
2021-09-23,15052.240234375,0.010377077916464472
2021-09-24,15047.7001953125,-3.0166432438960555e-4
2021-09-27,14969.9697265625,-0.005178992419633488
2021-09-28,14546.6796875,-0.028683408751719597
2021-09-29,14512.4404296875,-0.002356525147302335
2021-09-30,14448.580078125,-0.004410097016206649
2021-10-01,14566.7001953125,0.008141969927935477
2021-10-04,14255.48046875,-0.02159668809301074
2021-10-05,14433.830078125,0.0124333351708934
2021-10-06,14501.91015625,0.004705613417671728
2021-10-07,14654.01953125,0.01043429290005804
2021-10-08,14579.5400390625,-0.005095489870617698
2021-10-11,14486.2001953125,-0.006422693099196408
2021-10-12,14465.919921875,-0.001400952791875909
2021-10-13,14571.6396484375,0.007281616998717766
2021-10-14,14823.4296875,0.017131866200896795
2021-10-15,14897.33984375,0.004973647033793327
2021-10-18,15021.8095703125,0.008320453427677066
2021-10-19,15129.08984375,0.007116253793700622
2021-10-20,15121.6796875,-4.899152327713097e-4
2021-10-21,15215.7001953125,0.006198347332167842
2021-10-22,15090.2001953125,-0.008282262911189164
2021-10-25,15226.7099609375,0.009005580549214187
2021-10-26,15235.7099609375,5.908920095620829e-4
2021-10-27,15235.83984375,8.524857667779884e-6
2021-10-28,15448.1201171875,0.01383678381592901
2021-10-29,15498.3896484375,0.00324880420091489
2021-11-01,15595.919921875,0.006273211698793801
2021-11-02,15649.599609375,0.0034359960159076053
2021-11-03,15811.580078125,0.010297255324537957
2021-11-04,15940.3095703125,0.008108506228737156
2021-11-05,15971.58984375,0.0019604150194716397
2021-11-08,15982.3603515625,6.741268703596148e-4
2021-11-09,15886.5400390625,-0.00601342375004954
2021-11-10,15622.7099609375,-0.01674658990531519
2021-11-11,15704.2802734375,0.005207681697999789
2021-11-12,15860.9599609375,0.00992743746721736
2021-11-15,15853.849609375,-4.4839314994860047e-4
2021-11-16,15973.8603515625,0.0075413098271095436
2021-11-17,15921.5703125,-0.0032788449518026397
2021-11-18,15993.7099609375,0.004520704231817163
2021-11-19,16057.4404296875,0.003976802827011738
2021-11-22,15854.759765625,-0.012702564418120232
2021-11-23,15775.1396484375,-0.005034495008473527
2021-11-24,15845.23046875,0.004433277336696406
2021-11-26,15491.66015625,-0.02256671355415385
2021-11-29,15782.830078125,0.01862082053947489
2021-11-30,15537.6904296875,-0.01565393232988299
2021-12-01,15254.0498046875,-0.018423684134612373
2021-12-02,15381.3203125,0.008308777697790148
2021-12-03,15085.4697265625,-0.01942179568122171
2021-12-06,15225.150390625,0.0092166806427052
2021-12-07,15686.919921875,0.029878547695961544
2021-12-08,15786.990234375,0.006358958846202967
2021-12-09,15517.3701171875,-0.01722614877845352
2021-12-10,15630.599609375,0.0072704572370341225
2021-12-13,15413.2802734375,-0.014001013198686962
2021-12-14,15237.6396484375,-0.01146083367069295
2021-12-15,15565.580078125,0.02129341175657018
2021-12-16,15180.4296875,-0.025054993582381613
2021-12-17,15169.6796875,-7.083994536376537e-4
2021-12-20,14980.9404296875,-0.01251992313624406
2021-12-21,15341.08984375,0.023756084155854396
2021-12-22,15521.8896484375,0.011716423749478011
2021-12-23,15653.3701171875,0.00843497371273294
2021-12-27,15871.259765625,0.013823674950026899
2021-12-28,15781.7197265625,-0.0056576208203473755
2021-12-29,15766.2197265625,-9.826316086503084e-4
2021-12-30,15741.5595703125,-0.0015653379473690165
2021-12-31,15644.9697265625,-0.0061548792323318224
2022-01-03,15832.7998046875,0.011934283162888804
2022-01-04,15622.7197265625,-0.013357477786140493
2022-01-05,15100.169921875,-0.034020250610684144
2022-01-06,15080.8603515625,-0.0012795834186078991
2022-01-07,14935.900390625,-0.009658676305816627
2022-01-10,14942.830078125,4.638542210813057e-4
2022-01-11,15153.4501953125,0.013996650333215399
2022-01-12,15188.3896484375,0.0023030553683192068
2022-01-13,14806.8095703125,-0.02544411600415053
2022-01-14,14893.75,0.005854480809006191
2022-01-18,14506.900390625,-0.026317236629028073
2022-01-19,14340.259765625,-0.011553475470812202
2022-01-20,14154.01953125,-0.013072300202161102
2022-01-21,13768.919921875,-0.027584776944809875
2022-01-24,13855.1298828125,0.006241680089022594
2022-01-25,13539.2900390625,-0.02305972093579811
2022-01-26,13542.1201171875,2.0900522675759703e-4
2022-01-27,13352.7802734375,-0.014080213652384543
2022-01-28,13770.5703125,0.030809105566975248
2022-01-31,14239.8798828125,0.03351274183982511
2022-02-01,14346,0.007424686951740256
2022-02-02,14417.5498046875,0.00497504325794651
2022-02-03,13878.8203125,-0.03808224139035765
2022-02-04,14098.009765625,0.015669676475384975
2022-02-07,14015.669921875,-0.005857652225023102
2022-02-08,14194.4501953125,0.012675073074536414
2022-02-09,14490.3701171875,0.020633242048742062
2022-02-10,14185.6396484375,-0.021254138402950318
2022-02-11,13791.150390625,-0.028203050126457185
2022-02-14,13790.919921875,-1.671149028226182e-5
2022-02-15,14139.759765625,0.024980271697117473
2022-02-16,14124.08984375,-0.001108831507179886
2022-02-17,13716.7197265625,-0.029266332389070726
2022-02-18,13548.0703125,-0.01237138190416509
2022-02-22,13381.51953125,-0.012369509212687646
2022-02-23,13037.490234375,-0.026045544324412973
2022-02-24,13473.58984375,0.03290239021903396
2022-02-25,13694.6201171875,0.01627160202980349
2022-02-28,13751.400390625,0.004137601983257966
2022-03-01,13532.4599609375,-0.016049424566462633
2022-03-02,13752.01953125,0.016094447376488574
2022-03-03,13537.9404296875,-0.015689542480677332
2022-03-04,13313.4404296875,-0.016722062266619986
2022-03-07,12830.9599609375,-0.03691308616650524
2022-03-08,12795.5498046875,-0.002763558448670267
2022-03-09,13255.5498046875,0.03531887895665342
2022-03-10,13129.9599609375,-0.009519679045178364
2022-03-11,12843.8095703125,-0.022034689112894412
2022-03-14,12581.2197265625,-0.02065674559501751
2022-03-15,12948.6201171875,0.02878402364226673
2022-03-16,13436.5498046875,0.0369893633674927
2022-03-17,13614.7802734375,0.013177396252139317
2022-03-18,13893.83984375,0.020289577765698397
2022-03-21,13838.4599609375,-0.003993895696869032
2022-03-22,14108.8203125,0.019348486385421637
2022-03-23,13922.599609375,-0.013286764867688206
2022-03-24,14191.83984375,0.01915374951961013
2022-03-25,14169.2998046875,-0.00158950197964991
2022-03-28,14354.900390625,0.013013735989845898
2022-03-29,14619.6396484375,0.01827443162131459
2022-03-30,14442.26953125,-0.012206515299212128
2022-03-31,14220.51953125,-0.015473331911616484
2022-04-01,14261.5,0.0028776398376049173
2022-04-04,14532.5498046875,0.01882734891709248
2022-04-05,14204.169921875,-0.022855369743382425
2022-04-06,13888.8203125,-0.022451355514769844
2022-04-07,13897.2998046875,6.10340156521616e-4
2022-04-08,13711,-0.013496132235896852
2022-04-11,13411.9599609375,-0.022051587091313607
2022-04-12,13371.5703125,-0.0030160086173509626
2022-04-13,13643.58984375,0.020138968148019742
2022-04-14,13351.080078125,-0.021672516511760165
2022-04-18,13332.3603515625,-0.0014030971518028679
2022-04-19,13619.66015625,0.021320159442574038
2022-04-20,13453.0703125,-0.012306992573737574
2022-04-21,13174.650390625,-0.020912797759740087
2022-04-22,12839.2900390625,-0.02578455443420502
2022-04-25,13004.849609375,0.012812330946649908
2022-04-26,12490.740234375,-0.0403347462276038
2022-04-27,12488.9296875,-1.4496163350763425e-4
2022-04-28,12871.5302734375,0.03017528999396646
2022-04-29,12334.6396484375,-0.04260638109656867
2022-05-02,12536.01953125,0.01619452725729076
2022-05-03,12563.759765625,0.0022103975769240947
2022-05-04,12964.8603515625,0.031426187103416936
2022-05-05,12317.6904296875,-0.051206172336945244
2022-05-06,12144.66015625,-0.014146895540514848
2022-05-09,11623.25,-0.04388217736122435
2022-05-10,11737.669921875,0.009795918759568423
2022-05-11,11364.240234375,-0.03233171754963493
2022-05-12,11370.9599609375,5.911297635776691e-4
2022-05-13,11805,0.037460437056880735
2022-05-16,11662.7900390625,-0.01211973530026178
2022-05-17,11984.51953125,0.027212342671573353
2022-05-18,11418.150390625,-0.04841154909026457
2022-05-19,11388.5,-0.002600154500743912
2022-05-20,11354.6201171875,-0.0029793544332790134
2022-05-23,11535.26953125,0.0157845378531416
2022-05-24,11264.4501953125,-0.023757491497015337
2022-05-25,11434.740234375,0.015004344262052882
2022-05-26,11740.650390625,0.026401101904935942
2022-05-27,12131.1298828125,0.03271765401023252
2022-05-31,12081.3896484375,-0.004108643405132284
2022-06-01,11994.4599609375,-0.007221349748959938
2022-06-02,12316.900390625,0.02652746151707497
2022-06-03,12012.73046875,-0.02500537492444721
2022-06-06,12061.3701171875,0.004040833380051012
2022-06-07,12175.23046875,0.009395805224512443
2022-06-08,12086.26953125,-0.007333539657388144
2022-06-09,11754.23046875,-0.02785684311858283
2022-06-10,11340.01953125,-0.03587519505440184
2022-06-13,10809.23046875,-0.04793757849301983
2022-06-14,10828.349609375,0.0017672166232838293
2022-06-15,11099.150390625,0.024700905242873716
2022-06-16,10646.099609375,-0.04167497278977983
2022-06-17,10798.349609375,0.014199717292241232
2022-06-21,11069.2998046875,0.02478218460482573
2022-06-22,11053.080078125,-0.0014663638862320028
2022-06-23,11232.1904296875,0.016074672125036216
2022-06-24,11607.6201171875,0.03287798774787909
2022-06-27,11524.5498046875,-0.007182263477929496
2022-06-28,11181.5400390625,-0.030215317910469608
2022-06-29,11177.8896484375,-3.265191204295803e-4
2022-06-30,11028.740234375,-0.01343307450486364
2022-07-01,11127.849609375,0.008946325831791668
2022-07-05,11322.240234375,0.01731801384268472
2022-07-06,11361.849609375,0.0034922640078445255
2022-07-07,11621.349609375,0.022582672298213424
2022-07-08,11635.3095703125,0.0012005131524919221
2022-07-11,11372.599609375,-0.02283748400021146
2022-07-12,11264.73046875,-0.009530272050263022
2022-07-13,11247.580078125,-0.0015236458209990644
2022-07-14,11251.1904296875,3.2093767899255e-4
2022-07-15,11452.419921875,0.01772711553375217
2022-07-18,11360.0498046875,-0.008098257059444336
2022-07-19,11713.150390625,0.03060937813978093
2022-07-20,11897.650390625,0.01562875881783299
2022-07-21,12059.6103515625,0.013520947163291552
2022-07-22,11834.1103515625,-0.018875812449918428
2022-07-25,11782.669921875,-0.004356267911285627
2022-07-26,11562.5703125,-0.018856617357409178
2022-07-27,12032.419921875,0.039831483119135314
2022-07-28,12162.58984375,0.010760167412154686
2022-07-29,12390.6904296875,0.018580584408883993
2022-08-01,12368.98046875,-0.0017536554981116836
2022-08-02,12348.759765625,-0.001636129148055332
2022-08-03,12668.16015625,0.025536136985008895
2022-08-04,12720.580078125,0.004129389318190846
2022-08-05,12657.5498046875,-0.0049673008475927816
2022-08-08,12644.4599609375,-0.0010346881563219057
2022-08-09,12493.9296875,-0.0119762701401811
2022-08-10,12854.7998046875,0.028474365900255094
2022-08-11,12779.91015625,-0.005842848357209718
2022-08-12,13047.1904296875,0.020698398948347574
2022-08-15,13128.0498046875,0.006178329710662567
2022-08-16,13102.5498046875,-0.0019442947102117358
2022-08-17,12938.1201171875,-0.012628851205906955
2022-08-18,12965.33984375,0.0021016294056721563
2022-08-19,12705.2197265625,-0.020266719927999333
2022-08-22,12381.5703125,-0.025803809215437568
2022-08-23,12381.2998046875,-2.184785618375429e-5
2022-08-24,12431.5302734375,0.004048755197080922
2022-08-25,12639.26953125,0.016572587556266782
2022-08-26,12141.7099609375,-0.04016196763265789
2022-08-29,12017.669921875,-0.01026856894481476
2022-08-30,11883.1396484375,-0.011257501031957773
2022-08-31,11816.2001953125,-0.005649071373346359
2022-09-01,11785.1298828125,-0.002632930461652805
2022-09-02,11630.8603515625,-0.01317661664220715
2022-09-06,11544.91015625,-0.007417279985272529
2022-09-07,11791.900390625,0.02116822748425662
2022-09-08,11862.1298828125,0.005938074631465895
2022-09-09,12112.3095703125,0.020871292500673988
2022-09-12,12266.41015625,0.012642389768792839
2022-09-13,11633.5703125,-0.052969734078065045
2022-09-14,11719.6796875,0.00737454232249668
2022-09-15,11552.3603515625,-0.014379677825397508
2022-09-16,11448.400390625,-0.009039759166689976
2022-09-19,11535.01953125,0.0075375684753744565
2022-09-20,11425.0498046875,-0.009579288797386454
2022-09-21,11220.1904296875,-0.018093423749759197
2022-09-22,11066.8095703125,-0.013764372142428982
2022-09-23,10867.9296875,-0.018134278289467787
2022-09-26,10802.919921875,-0.005999761136317616
2022-09-27,10829.5,0.002457431170192592
2022-09-28,11051.6396484375,0.020304909534443638
2022-09-29,10737.509765625,-0.028835604632121203
2022-09-30,10575.6201171875,-0.015191833661479137
2022-10-03,10815.4296875,0.022422426177625354
2022-10-04,11176.41015625,0.03283153170340114
2022-10-05,11148.6396484375,-0.0024878351787656072
2022-10-06,11073.3095703125,-0.006779816291947682
2022-10-07,10652.400390625,-0.03875241399629381
2022-10-10,10542.099609375,-0.010408528350005497
2022-10-11,10426.1904296875,-0.011055776136494444
2022-10-12,10417.099609375,-8.723019131728904e-4
2022-10-13,10649.150390625,0.022031464294425263
2022-10-14,10321.3896484375,-0.031261706600551165
2022-10-17,10675.7998046875,0.03376107261934891
2022-10-18,10772.400390625,0.009007864366328278
2022-10-19,10680.509765625,-0.00856678057342286
2022-10-20,10614.83984375,-0.0061675559449607675
2022-10-21,10859.7197265625,0.0228074989938154
2022-10-24,10952.6103515625,0.00851730981750265
2022-10-25,11199.1201171875,0.02225739812648264
2022-10-26,10970.990234375,-0.020580676545414178
2022-10-27,10792.669921875,-0.016387344940021364
2022-10-28,11102.4501953125,0.028298629511475326
2022-10-31,10988.150390625,-0.010348367330186292
2022-11-01,10890.849609375,-0.008894503653946728
2022-11-02,10524.7998046875,-0.03418859283623732
2022-11-03,10342.9404296875,-0.017430155557210725
2022-11-04,10475.25,0.012711128973823094
2022-11-07,10564.51953125,0.008485840760238617
2022-11-08,10616.2001953125,0.004879982105508773
2022-11-09,10353.169921875,-0.025088409273188006
2022-11-10,11114.150390625,0.07092636093978832
2022-11-11,11323.330078125,0.018646099622218415
2022-11-14,11196.2197265625,-0.011289009113619741
2022-11-15,11358.41015625,0.014382255551813827
2022-11-16,11183.66015625,-0.015504654036236687
2022-11-17,11144.9599609375,-0.003466424155320169
2022-11-18,11146.0595703125,9.865940625530811e-5
2022-11-21,11024.509765625,-0.010965079037978498
2022-11-22,11174.41015625,0.013505402026778413
2022-11-23,11285.3203125,0.009876437115273973
2022-11-25,11226.3603515625,-0.0052381780491419505
2022-11-28,11049.5,-0.015879437663022244
2022-11-29,10983.7802734375,-0.005965514044760312
2022-11-30,11468,0.04314088399466165
2022-12-01,11482.4501953125,0.0012592517444325324
2022-12-02,11461.5,-0.0018262069919625645
2022-12-05,11239.9404296875,-0.019520048171958848
2022-12-06,11014.8896484375,-0.020225582696422606
2022-12-07,10958.5498046875,-0.005128006230577853
2022-12-08,11082,0.011202214770523966
2022-12-09,11004.6201171875,-0.007006975173162289
2022-12-12,11143.740234375,0.012562731024909013
2022-12-13,11256.8095703125,0.010095314375199393
2022-12-14,11170.8896484375,-0.007661984528255061
2022-12-15,10810.5302734375,-0.03279057172382238
2022-12-16,10705.41015625,-0.00977144865649926
2022-12-19,10546.0302734375,-0.014999724050845487
2022-12-20,10547.1103515625,1.0241036601854603e-4
2022-12-21,10709.3701171875,0.015267148063893288
2022-12-22,10476.1201171875,-0.022020677622856866
2022-12-23,10497.8603515625,0.002073067836915854
2022-12-27,10353.23046875,-0.013872866760854308
2022-12-28,10213.2900390625,-0.013608776395688693
2022-12-29,10478.08984375,0.02559657826242301
2022-12-30,10466.48046875,-0.0011085809845443606
2023-01-03,10386.98046875,-0.007624670589333249
2023-01-04,10458.759765625,0.006886738466320708
2023-01-05,10305.240234375,-0.014787355875258257
2023-01-06,10569.2900390625,0.025300103602832635
2023-01-09,10635.650390625,0.006258972376727456
2023-01-10,10742.6298828125,0.010008324692011072
2023-01-11,10931.669921875,0.017444146704118424
2023-01-12,11001.099609375,0.00633115843548282
2023-01-13,11079.16015625,0.007070647983038469
2023-01-17,11095.1103515625,0.0014386221235831442
2023-01-18,10957.009765625,-0.012525089706514336
2023-01-19,10852.26953125,-0.009605181191135514
2023-01-20,11140.4296875,0.02620657384428071
2023-01-23,11364.41015625,0.019905750591513893
2023-01-24,11334.26953125,-0.002655717700738691
2023-01-25,11313.3603515625,-0.0018464789239747148
2023-01-26,11512.41015625,0.017441238222657418
2023-01-27,11621.7099609375,0.009449299770864172
2023-01-30,11393.8095703125,-0.01980470954087643
2023-01-31,11584.5498046875,0.016602109174694846
2023-02-01,11816.3203125,0.019809356293377434
2023-02-02,12200.8203125,0.032021534976635735
2023-02-03,12006.9501953125,-0.016017523139293388
2023-02-06,11887.4501953125,-0.010002426875040271
2023-02-07,12113.7900390625,0.018861238124653568
2023-02-08,11910.51953125,-0.016922472471224026
2023-02-09,11789.580078125,-0.010205906715695434
2023-02-10,11718.1201171875,-0.006079725405594871
2023-02-13,11891.7900390625,0.014711877608284851
2023-02-14,11960.150390625,0.005732073576014685
2023-02-15,12070.58984375,0.009191579584129528
2023-02-16,11855.830078125,-0.01795216618545936
2023-02-17,11787.26953125,-0.005799640502461401
2023-02-21,11492.2998046875,-0.02534286690877252
2023-02-22,11507.0703125,0.0012844273358698644
2023-02-23,11590.400390625,0.007215546735654499
2023-02-24,11394.9404296875,-0.017007768044264182
2023-02-27,11466.98046875,0.006302206872446092
2023-02-28,11455.5400390625,-9.981826067946287e-4
2023-03-01,11379.48046875,-0.006661684544360114
2023-03-02,11462.98046875,0.0073109786335088245
2023-03-03,11689.009765625,0.01952631079965883
2023-03-06,11675.740234375,-0.0011358591619128333
2023-03-07,11530.330078125,-0.012532243281915711
2023-03-08,11576,0.003953027693453848
2023-03-09,11338.349609375,-0.02074323871327799
2023-03-10,11138.8896484375,-0.017748193576544224
2023-03-13,11188.83984375,0.0044742819604817186
2023-03-14,11428.150390625,0.021162805119773864
2023-03-15,11434.0498046875,5.160845538085823e-4
2023-03-16,11717.2802734375,0.02446896996526604
2023-03-17,11630.509765625,-0.007432901114711399
2023-03-20,11675.5400390625,0.00386426098368986
2023-03-21,11860.1103515625,0.01568463953485555
2023-03-22,11669.9599609375,-0.01616268268931975
2023-03-23,11787.400390625,0.01001318214648883
2023-03-24,11823.9599609375,0.0030967804468247095
2023-03-27,11768.83984375,-0.00467263045780264
2023-03-28,11716.080078125,-0.004493083609320436
2023-03-29,11926.240234375,0.017778770369684338
2023-03-30,12013.4697265625,0.00728746324594276
2023-03-31,12221.91015625,0.01720175796475587
2023-04-03,12189.4501953125,-0.002659415911370644
2023-04-04,12126.330078125,-0.005191711576205904
2023-04-05,11996.8603515625,-0.010734149787021252
2023-04-06,12087.9599609375,0.007564934481418817
2023-04-10,12084.3603515625,-2.9782903379249603e-4
2023-04-11,12031.8798828125,-0.004352299619062805
2023-04-12,11929.33984375,-0.00855888524807824
2023-04-13,12166.26953125,0.0196664313548105
2023-04-14,12123.4697265625,-0.0035241093804003754
2023-04-17,12157.7197265625,0.002821115726769463
2023-04-18,12153.41015625,-3.545347648117314e-4
2023-04-19,12157.23046875,3.1429139119687477e-4
2023-04-20,12059.5595703125,-0.008066422335643253
2023-04-21,12072.4599609375,0.0010691514514267197
2023-04-24,12037.2001953125,-0.002924951287969435
2023-04-25,11799.16015625,-0.019973515181510137
2023-04-26,11854.349609375,0.004666500136623952
2023-04-27,12142.240234375,0.023995446040325774
2023-04-28,12226.580078125,0.0069219748367999046
2023-05-01,12212.599609375,-0.0011441030716881073
2023-05-02,12080.509765625,-0.010874782924142679
2023-05-03,12025.330078125,-0.004578125818030188
2023-05-04,11966.400390625,-0.00491250984067193
2023-05-05,12235.41015625,0.022231464425658487
2023-05-08,12256.919921875,0.0017564495567707894
2023-05-09,12179.5498046875,-0.006332369330852572
2023-05-10,12306.4404296875,0.010364437760742362
2023-05-11,12328.509765625,0.001791709881000969
2023-05-12,12284.740234375,-0.0035565865855051726
2023-05-15,12365.2099609375,0.006529020284478548
2023-05-16,12343.0498046875,-0.0017937452820984134
2023-05-17,12500.5703125,0.012681132458521205
2023-05-18,12688.83984375,0.014948586407163234
2023-05-19,12657.900390625,-0.002441297634751649
2023-05-22,12720.7802734375,0.004955341242114386
2023-05-23,12560.25,-0.012699832981432735
2023-05-24,12484.16015625,-0.006076412053298341
2023-05-25,12698.08984375,0.016990922901229055
2023-05-26,12975.6904296875,0.02162606379505938
2023-05-30,13017.4296875,0.0032115647140251724
2023-05-31,12935.2900390625,-0.006329966459798442
2023-06-01,13100.98046875,0.012727834151334605
2023-06-02,13240.76953125,0.010613598166369087
2023-06-05,13229.4296875,-8.568008385587689e-4
2023-06-06,13276.419921875,0.0035456538308551444
2023-06-07,13104.900390625,-0.013003287629283378
2023-06-08,13238.51953125,0.010144490496863057
2023-06-09,13259.1396484375,0.0015563730524270625
2023-06-12,13461.919921875,0.015177853686278553
2023-06-13,13573.3203125,0.008241171164447891
2023-06-14,13626.48046875,0.00390886862479789
2023-06-15,13782.8203125,0.011407918830737884
2023-06-16,13689.5703125,-0.006788659887554616
2023-06-20,13667.2900390625,-0.0016288622361884109
2023-06-21,13502.2001953125,-0.012152740014741426
2023-06-22,13630.6103515625,0.009465375122207575
2023-06-23,13492.51953125,-0.01018260164469531
2023-06-26,13335.7802734375,-0.011684753957263538
2023-06-27,13555.669921875,0.016354235105268344
2023-06-28,13591.75,0.0026580868069423502
2023-06-29,13591.330078125,-3.089582739335128e-5
2023-06-30,13787.919921875,0.014360745624172111
2023-07-03,13816.76953125,0.002090197024493534
2023-07-05,13791.650390625,-0.0018196729568238368
2023-07-06,13679.0400390625,-0.008198627743427167
2023-07-07,13660.7197265625,-0.001340195773421371
2023-07-10,13685.48046875,0.001810909653066517
2023-07-11,13760.7001953125,0.0054812664690935264
2023-07-12,13918.9599609375,0.011435219167262645
2023-07-13,14138.5703125,0.015654609250177032
2023-07-14,14113.7001953125,-0.0017605752149805198
2023-07-17,14244.9501953125,0.00925650095096131
2023-07-18,14353.6396484375,0.007601072432210643
2023-07-19,14358.01953125,3.050943743136969e-4
2023-07-20,14063.3095703125,-0.020739390705699634
2023-07-21,14032.8095703125,-0.0021711192088940123
2023-07-24,14058.8701171875,0.001855393101514835
2023-07-25,14144.5595703125,0.006076545848761938
2023-07-26,14127.2802734375,-0.001222368202567381
2023-07-27,14050.1103515625,-0.0054774493381941625
2023-07-28,14316.66015625,0.018793655065515225
2023-07-31,14346.01953125,0.002048614127367898
2023-08-01,14283.91015625,-0.004338779250387503
2023-08-02,13973.4501953125,-0.021974625371280254
2023-08-03,13959.7197265625,-9.830942849831104e-4
2023-08-04,13909.240234375,-0.003622635897704285
2023-08-07,13994.400390625,0.006103893165693819
2023-08-08,13884.3203125,-0.007897109152592563
2023-08-09,13722.01953125,-0.011758360733580275
2023-08-10,13737.990234375,0.0011631973230930015
2023-08-11,13644.849609375,-0.006802872509672042
2023-08-14,13788.330078125,0.010460455455641338
2023-08-15,13631.0498046875,-0.011472323526824368
2023-08-16,13474.6298828125,-0.011541614897787156
2023-08-17,13316.9296875,-0.011772514864462735
2023-08-18,13290.7802734375,-0.001965552279370897
2023-08-21,13497.58984375,0.015440557092084362
2023-08-22,13505.8701171875,6.132750180150026e-4
2023-08-23,13721.0302734375,0.015805297863145995
2023-08-24,13463.9697265625,-0.018912503881361786
2023-08-25,13590.650390625,0.009364876634498032
2023-08-28,13705.1298828125,0.008388121700637186
2023-08-29,13943.759765625,0.017261872808711942
2023-08-30,14019.3095703125,0.005403554782029474
2023-08-31,14034.9697265625,0.0011164184765419805
2023-09-01,14031.8095703125,-2.2518837875296072e-4
2023-09-05,14020.9501953125,-7.742108536312742e-4
2023-09-06,13872.4697265625,-0.010646372630263912
2023-09-07,13748.830078125,-0.008952545687613167
2023-09-08,13761.5302734375,9.233027886530465e-4
2023-09-11,13917.8896484375,0.011297999643261392
2023-09-12,13773.6103515625,-0.010420569666450774
2023-09-13,13813.58984375,0.002898410849430988
2023-09-14,13926.0498046875,0.00810829401511981
2023-09-15,13708.330078125,-0.015757489939977276
2023-09-18,13710.240234375,1.3933303095825522e-4
2023-09-19,13678.1904296875,-0.0023403910731367716
2023-09-20,13469.1298828125,-0.01540223325055834
2023-09-21,13223.98046875,-0.018368508099801062
2023-09-22,13211.8095703125,-9.207895265817001e-4
2023-09-25,13271.3203125,0.004494245402149488
2023-09-26,13063.6103515625,-0.01577481033551109
2023-09-27,13092.849609375,0.0022357207386178857
2023-09-28,13201.2802734375,0.008247565459463146
2023-09-29,13219.3203125,0.0013656042229133192
2023-10-02,13307.76953125,0.006668620421800497
2023-10-03,13059.4697265625,-0.018834519788315518
2023-10-04,13236.009765625,0.01342760770957696
2023-10-05,13219.830078125,-0.0012231469205090661
2023-10-06,13431.33984375,0.01587278959760141
2023-10-09,13484.240234375,0.003930842923496769
2023-10-10,13562.83984375,0.0058120751228720735
2023-10-11,13659.6796875,0.007114716338779914
2023-10-12,13574.2197265625,-0.006276019467433613
2023-10-13,13407.23046875,-0.012378236809595933
2023-10-16,13567.98046875,0.011918490887930844
2023-10-17,13533.75,-0.0025260738971386587
2023-10-18,13314.2998046875,-0.016347934715318146
2023-10-19,13186.1796875,-0.009669343186969215
2023-10-20,12983.8095703125,-0.015466124124509761
2023-10-23,13018.330078125,0.0026552067299370208
2023-10-24,13139.8701171875,0.009292758124782807
2023-10-25,12821.2197265625,-0.024549539026553546
2023-10-26,12595.6103515625,-0.017753220983616202
2023-10-27,12643.009765625,0.00375610628232792
2023-10-30,12789.48046875,0.011518519909310854
2023-10-31,12851.240234375,0.004817328325243508
2023-11-01,13061.4697265625,0.016226331029161045
2023-11-02,13294.1904296875,0.017660475993819702
2023-11-03,13478.2802734375,0.01375239119055749
2023-11-06,13518.7802734375,0.0030003288922006988
2023-11-07,13639.8603515625,0.008916564124319848
2023-11-08,13650.41015625,7.731550487939387e-4
2023-11-09,13521.4501953125,-0.009492241426999115
2023-11-10,13798.1103515625,0.02025432391159221
2023-11-13,13767.740234375,-0.0022034603561866817
2023-11-14,14094.3798828125,0.023447936669747094
2023-11-15,14103.83984375,6.709615985780459e-4
2023-11-16,14113.669921875,6.967360765930408e-4
2023-11-17,14125.48046875,8.364662109343612e-4
2023-11-20,14284.5302734375,0.011196860697877398
2023-11-21,14199.98046875,-0.005936563472467071
2023-11-22,14265.8603515625,0.004628705742501182
2023-11-24,14250.849609375,-0.0010527682607470723
2023-11-27,14241.01953125,-6.90026931298604e-4
2023-11-28,14281.759765625,0.0028566824892113374
2023-11-29,14258.490234375,-0.0016306469919609157
2023-11-30,14226.2197265625,-0.0022658136005535567
2023-12-01,14305.0302734375,0.005524521170196195
2023-12-04,14185.490234375,-0.0083916150652108
2023-12-05,14229.91015625,0.0031264706776887863
2023-12-06,14146.7099609375,-0.005864012936241281
2023-12-07,14339.990234375,0.013570068705602623
2023-12-08,14403.9697265625,0.004451689880871967
2023-12-11,14432.490234375,0.001978087265273487
2023-12-12,14533.400390625,0.00696754439860392
2023-12-13,14733.9599609375,0.013705555086399812
2023-12-14,14761.5595703125,0.0018714447393222144
2023-12-15,14813.919921875,0.00354079846995603
2023-12-18,14904.8095703125,0.00611667681406125
2023-12-19,15003.2197265625,0.00658087568622534
2023-12-20,14777.9404296875,-0.015129269160858883
2023-12-21,14963.8701171875,0.012503079417648166
2023-12-22,14992.9697265625,0.0019427695764626662
2023-12-26,15074.5703125,0.005427832550990885
2023-12-27,15099.1796875,0.0016311781238069756
2023-12-28,15095.1396484375,-2.676025938299631e-4
2023-12-29,15011.349609375,-0.005566258801245283
2024-01-02,14765.9404296875,-0.016483349279244663
2024-01-03,14592.2099609375,-0.01183538434091247
2024-01-04,14510.2998046875,-0.005629093380470351
2024-01-05,14524.0703125,9.485660470289758e-4
2024-01-08,14843.76953125,0.02177292235811734
2024-01-09,14857.7099609375,9.387027817790994e-4
2024-01-10,14969.650390625,0.007505924353859328
2024-01-11,14970.1904296875,3.607494547530621e-5
2024-01-12,14972.759765625,1.7161541712162887e-4
2024-01-16,14944.349609375,-0.001899258677296345
2024-01-17,14855.6201171875,-0.005955023123457082
2024-01-18,15055.650390625,0.01337510925099572
2024-01-19,15310.9697265625,0.01681618511449834
2024-01-22,15360.2900390625,0.0032160632062154804
2024-01-23,15425.9404296875,0.004264925529250618
2024-01-24,15481.919921875,0.003622350609949976
2024-01-25,15510.5,0.0018443275032034023
2024-01-26,15455.3603515625,-0.0035613224428168166
2024-01-29,15628.0400390625,0.011110847705335658
2024-01-30,15509.900390625,-0.007588184297704359
2024-01-31,15164.009765625,-0.02255371324545763
2024-02-01,15361.6396484375,0.012948628313043997
2024-02-02,15628.9501953125,0.017251506203251665
2024-02-05,15597.6796875,-0.0020028109586398557
2024-02-06,15609,7.255057641444296e-4
2024-02-07,15756.6396484375,0.00941417044197479
2024-02-08,15793.7099609375,0.0023499156122070985
2024-02-09,15990.66015625,0.012393054532285674
2024-02-12,15942.5498046875,-0.0030131883404180826
2024-02-13,15655.599609375,-0.018162967716243372
2024-02-14,15859.150390625,0.012917989948267206
2024-02-15,15906.169921875,0.002960433902636339
2024-02-16,15775.650390625,-0.008239442579924372
2024-02-20,15630.7802734375,-0.00922557206460084
2024-02-21,15580.8701171875,-0.003198177486089193
2024-02-22,16041.6201171875,0.029142714923542812
2024-02-23,15996.8203125,-0.0027966301283974815
2024-02-26,15976.25,-0.0012867275577281845
2024-02-27,16035.2998046875,0.003689285400060527
2024-02-28,15947.740234375,-0.0054753887658947065
2024-02-29,16091.919921875,0.009000136707943085
2024-03-01,16274.9404296875,0.011309250047782271
2024-03-04,16207.509765625,-0.004151827249440743
2024-03-05,15939.58984375,-0.01666875883106478
2024-03-06,16031.5400390625,0.005752092539472287
2024-03-07,16273.3798828125,0.014972602455950224
2024-03-08,16085.1103515625,-0.011636615575028486
2024-03-11,16019.26953125,-0.004101677893192601
2024-03-12,16265.6396484375,0.015262542530885881
2024-03-13,16177.76953125,-0.005416837149185838
2024-03-14,16128.5302734375,-0.00304827827623555
2024-03-15,15973.169921875,-0.00967933558567502
2024-03-18,16103.4501953125,0.008123112057246473
2024-03-19,16166.7900390625,0.003925593651015191
2024-03-20,16369.41015625,0.012455218210947194
2024-03-21,16401.83984375,0.001979155392959342
2024-03-22,16428.8203125,0.0016436145173734928
2024-03-25,16384.470703125,-0.002703150766508955
2024-03-26,16315.7001953125,-0.004206131485618769
2024-03-27,16399.51953125,0.005124191128413003
2024-03-28,16379.4599609375,-0.0012239290623057286
2024-04-01,16396.830078125,0.0010599197647422898
2024-04-02,16240.4501953125,-0.009582972492887976
2024-04-03,16277.4599609375,0.0022762706107108954
2024-04-04,16049.080078125,-0.014129794417524266
2024-04-05,16248.51953125,0.01235026692740604
2024-04-08,16253.9599609375,3.3477013589866544e-4
2024-04-09,16306.6396484375,0.0032357962750477753
2024-04-10,16170.3603515625,-0.00839240673388808
2024-04-11,16442.19921875,0.016671194578158577
2024-04-12,16175.08984375,-0.016378758257586057
2024-04-15,15885.01953125,-0.01809589759259289
2024-04-16,15865.25,-0.0012453143923973897
2024-04-17,15683.3701171875,-0.01153026009777669
2024-04-18,15601.5,-0.005233859291836396
2024-04-19,15282.009765625,-0.02069075922604746
2024-04-22,15451.3095703125,0.011017457331085723
2024-04-23,15696.6396484375,0.015752892729906876
2024-04-24,15712.75,0.001025830374649317
2024-04-25,15611.759765625,-0.0064480232914316815
2024-04-26,15927.900390625,0.020047851617306378
2024-04-29,15983.080078125,0.003458354565493593
2024-04-30,15657.8203125,-0.020560174923435426
2024-05-01,15605.48046875,-0.0033483279974841906
2024-05-02,15840.9599609375,0.01497682348529139
2024-05-03,16156.330078125,0.01971294003161539
2024-05-06,16349.25,0.011870096555387732
2024-05-07,16332.5595703125,-0.0010213896573016967
2024-05-08,16302.759765625,-0.0018262308183913945
2024-05-09,16346.259765625,0.0026647064055485004
2024-05-10,16340.8701171875,-3.2977190139860113e-4
2024-05-13,16388.240234375,0.002894679980942172
2024-05-14,16511.1796875,0.007473689545831164
2024-05-15,16742.390625,0.01390615571813214
2024-05-16,16698.3203125,-0.002635729730487313
2024-05-17,16685.970703125,-7.398455718305996e-4
2024-05-20,16794.869140625,0.006505142763929328
2024-05-21,16832.619140625,0.002245187957067074
2024-05-22,16801.5390625,-0.0018481263472480691
2024-05-23,16736.029296875,-0.003906654665016163
2024-05-24,16920.7890625,0.010979149578957959
2024-05-28,17019.880859375,0.005839135093774317
2024-05-29,16920.580078125,-0.0058514859164695565
2024-05-30,16737.080078125,-0.010904015150558166
2024-05-31,16735.01953125,-1.2312026443872526e-4
2024-06-03,16828.669921875,0.005580473135502473
2024-06-04,16857.05078125,0.0016850383781541467
2024-06-05,17187.900390625,0.019436657343803176
2024-06-06,17173.119140625,-8.603499612878096e-4
2024-06-07,17133.130859375,-0.0023312544717359884
2024-06-10,17192.529296875,0.0034608800831570363
2024-06-11,17343.55078125,0.008745778134118254
2024-06-12,17608.439453125,0.015157577101675201
2024-06-13,17667.560546875,0.003351919101024947
2024-06-14,17688.880859375,0.0012060215472029512
2024-06-17,17857.01953125,0.00946043982898459
2024-06-18,17862.23046875,2.9177194577023613e-4
2024-06-20,17721.58984375,-0.007904792464680455
2024-06-21,17689.359375,-0.0018203679009669571
2024-06-24,17496.8203125,-0.010944125561159979
2024-06-25,17717.650390625,0.01254217192728646
2024-06-26,17805.16015625,0.0049269717853430706
2024-06-27,17858.6796875,0.0030013353390927477
2024-06-28,17732.599609375,-0.007084915631505595
2024-07-01,17879.30078125,0.00823893137431142
2024-07-02,18028.759765625,0.008324584798362622
2024-07-03,18188.30078125,0.008810325587083057
2024-07-05,18352.759765625,0.009001385967033926
2024-07-08,18403.740234375,0.0027739584258874572
2024-07-09,18429.2890625,0.0013872783591342142
2024-07-10,18647.44921875,0.011768169699070796
2024-07-11,18283.41015625,-0.019715265778534885
2024-07-12,18398.44921875,0.006272279628706912
2024-07-15,18472.5703125,0.004020566533787573
2024-07-16,18509.33984375,0.001988515098910071
2024-07-17,17996.919921875,-0.02807483330321503
2024-07-18,17871.220703125,-0.007008990772892076
2024-07-19,17726.939453125,-0.008106151521440452
2024-07-22,18007.5703125,0.01570675688830825
2024-07-23,17997.349609375,-5.677392657297275e-4
2024-07-24,17342.41015625,-0.03706954742075652
2024-07-25,17181.720703125,-0.009308886828263141
2024-07-26,17357.880859375,0.010200562586433648
2024-07-29,17370.19921875,7.094178465330003e-4
2024-07-30,17147.419921875,-0.012908328893791676
2024-07-31,17599.400390625,0.02601711232800774
2024-08-01,17194.150390625,-0.02329560034310596
2024-08-02,16776.16015625,-0.024610392103779688
2024-08-05,16200.080078125,-0.03494265498212279
2024-08-06,16366.849609375,0.010241738511856724
2024-08-07,16195.8095703125,-0.010505383553470082
2024-08-08,16660.01953125,0.028259268803303428
2024-08-09,16745.30078125,0.005105859454376471
2024-08-12,16780.609375,0.002106347397573316
2024-08-13,17187.609375,0.023964723109008546
2024-08-14,17192.599609375,2.902969212499329e-4
2024-08-15,17594.5,0.02310731724165116
2024-08-16,17631.720703125,0.0021132392992306848
2024-08-19,17876.76953125,0.013802485930622055
2024-08-20,17816.939453125,-0.0033524190038995982
2024-08-21,17918.990234375,0.005711397999204948
2024-08-22,17619.349609375,-0.016863349671451644
2024-08-23,17877.7890625,0.014561400117445444
2024-08-26,17725.76953125,-0.00853962138001485
2024-08-27,17754.8203125,0.0016375594582722641
2024-08-28,17556.029296875,-0.011259605363532543
2024-08-29,17516.4296875,-0.0022581608104594864
2024-08-30,17713.619140625,0.011194506902238999
2024-09-03,17136.30078125,-0.03313472053816113
2024-09-04,17084.30078125,-0.0030391073008129155
2024-09-05,17127.66015625,0.0025347508314066403
2024-09-06,16690.830078125,-0.025835238180480502
2024-09-09,16884.599609375,0.011542469261140553
2024-09-10,17025.880859375,0.008332649110933232
2024-09-11,17395.529296875,0.021478646377831367
2024-09-12,17569.6796875,0.009961435138672314
2024-09-13,17683.98046875,0.006484500120562231
2024-09-16,17592.130859375,-0.005207479706829332
2024-09-17,17628.060546875,0.0020402898751754606
2024-09-18,17573.30078125,-0.003111232505265349
2024-09-19,18013.98046875,0.024767399967171144
2024-09-20,17948.3203125,-0.0036516144843101728
2024-09-23,17974.26953125,0.0014447300919240291
2024-09-24,18074.51953125,0.005561920998893299
2024-09-25,18082.2109375,4.2544811249811687e-4
2024-09-26,18190.2890625,0.005959249836374525
2024-09-27,18119.58984375,-0.0038942188861774696
2024-09-30,18189.169921875,0.0038326929230869666
2024-10-01,17910.359375,-0.01544707624998054
2024-10-02,17925.119140625,8.237516043312354e-4
2024-10-03,17918.48046875,-3.704244006321744e-4
2024-10-04,18137.849609375,0.012168284843376398
2024-10-07,17923.900390625,-0.011865853934136084
2024-10-08,18182.919921875,0.01434764802689159
2024-10-09,18291.619140625,0.0059602968722796135
2024-10-10,18282.05078125,-5.232375976351733e-4
2024-10-11,18342.939453125,0.003324982618787331
2024-10-14,18502.689453125,0.00867136785245215
2024-10-15,18315.58984375,-0.010163496149683482
2024-10-16,18367.080078125,0.0028073348151274047
2024-10-17,18373.609375,3.5542593462167815e-4
2024-10-18,18489.55078125,0.006290387913853834
2024-10-21,18540.009765625,0.0027253369935600347
2024-10-22,18579.76953125,0.002142242307664688
2024-10-23,18276.650390625,-0.016449018967183093
2024-10-24,18415.490234375,0.007567860802160098
2024-10-25,18518.609375,0.00558396764287572
2024-10-28,18567.189453125,0.0026198764727674018
2024-10-29,18712.75,0.0078090945813471535
2024-10-30,18607.9296875,-0.005617292557495546
2024-10-31,18095.150390625,-0.0279438490010655
2024-11-01,18239.919921875,0.0079686262370870509
2024-11-04,18179.98046875,-0.0032915799658947975
2024-11-05,18439.169921875,0.014156187609964732
2024-11-06,18983.470703125,0.02909143550306048
2024-11-07,19269.4609375,0.014952870316724542
2024-11-08,19286.779296875,8.983428069964106e-4
2024-11-11,19298.759765625,6.209823382583579e-4
2024-11-12,19281.400390625,-8.999120844102038e-4
2024-11-13,19230.720703125,-0.0026318839531409566
2024-11-14,19107.650390625,-0.00642023809200154
2024-11-15,18680.119140625,-0.022628988109884673
2024-11-18,18791.810546875,0.005961354963734067
2024-11-19,18987.470703125,0.010358159242935372
2024-11-20,18966.140625,-0.0011240079467693675
2024-11-21,18972.419921875,3.3102452184863296e-4
2024-11-22,19003.650390625,0.001644744995116909
2024-11-25,19054.83984375,0.0026900428092879736
2024-11-26,19174.30078125,0.006249752120298879
2024-11-27,19060.48046875,-0.005953775332228517
2024-11-29,19218.169921875,0.008239075492083359
2024-12-02,19403.94921875,0.009620431704490784
2024-12-03,19480.91015625,0.003958406394087177
2024-12-04,19735.119140625,0.012964726395351178
2024-12-05,19700.259765625,-0.001767924389033837
2024-12-06,19859.76953125,0.008064232150157835
2024-12-09,19736.689453125,-0.006216741480439936
2024-12-10,19687.240234375,-0.002508590344699968
2024-12-11,20034.890625,0.01750456282243995
2024-12-12,19902.83984375,-0.006612857611765222
2024-12-13,19926.720703125,0.0011991526850287926
2024-12-16,20173.890625,0.012327645085647987
2024-12-17,20109.060546875,-0.0032187380621557793
2024-12-18,19392.689453125,-0.03627432423655641
2024-12-19,19372.76953125,-0.0010277150922579636
2024-12-20,19572.599609375,0.010262161393740143
2024-12-23,19764.880859375,0.00977605983340979
2024-12-24,20031.130859375,0.01338093749345326
2024-12-26,20020.359375,-5.378818401844399e-4
2024-12-27,19722.029296875,-0.015013475124037612
2024-12-30,19486.7890625,-0.01199949740175299
